Post,Title,Slug,Role,Keyword,Volume,KD,Intent
"1","Best Electric Bikes Australia: 6 Picks for Every Rider","best-electric-bikes-australia","Primary","best electric bikes australia","590","9","Commercial"
"1","Best Electric Bikes Australia: 6 Picks for Every Rider","best-electric-bikes-australia","Supporting","best e bikes","720","18","Commercial"
"1","Best Electric Bikes Australia: 6 Picks for Every Rider","best-electric-bikes-australia","Supporting","good electric bikes","480","24","Commercial"
"1","Best Electric Bikes Australia: 6 Picks for Every Rider","best-electric-bikes-australia","Supporting","best e bicycle","390","26","Commercial"
"1","Best Electric Bikes Australia: 6 Picks for Every Rider","best-electric-bikes-australia","Supporting","best e bike australia","390","7","Commercial"
"1","Best Electric Bikes Australia: 6 Picks for Every Rider","best-electric-bikes-australia","Supporting","best electric bicycles australia","260","14","Commercial"
"2","Cheap Ebike Guide: What You Get at Every Price Point","cheap-ebike-guide-australia","Primary","cheap ebike","1000","13","Commercial"
"2","Cheap Ebike Guide: What You Get at Every Price Point","cheap-ebike-guide-australia","Supporting","cheap electric bike","880","26","Informational, Commercial"
"2","Cheap Ebike Guide: What You Get at Every Price Point","cheap-ebike-guide-australia","Supporting","cheap e cycle","720","24","Informational, Commercial"
"2","Cheap Ebike Guide: What You Get at Every Price Point","cheap-ebike-guide-australia","Supporting","cheap electric bikes","720","28","Informational, Commercial"
"2","Cheap Ebike Guide: What You Get at Every Price Point","cheap-ebike-guide-australia","Supporting","cheapest ebikes","590","15","Commercial"
"2","Cheap Ebike Guide: What You Get at Every Price Point","cheap-ebike-guide-australia","Supporting","affordable electric bike","480","17","Informational, Commercial"
"3","How Much Are Electric Bicycles in Australia? 2026 Prices","how-much-are-electric-bicycles","Primary","how much are electric bicycles","720","25","Informational, Commercial"
"3","How Much Are Electric Bicycles in Australia? 2026 Prices","how-much-are-electric-bicycles","Supporting","electric bike cost","320","27","Commercial"
"3","How Much Are Electric Bicycles in Australia? 2026 Prices","how-much-are-electric-bicycles","Supporting","electric bike price in australia","170","27","Commercial"
"3","How Much Are Electric Bicycles in Australia? 2026 Prices","how-much-are-electric-bicycles","Supporting","e bike price in australia","110","24","Transactional"
"3","How Much Are Electric Bicycles in Australia? 2026 Prices","how-much-are-electric-bicycles","Supporting","e bike prices","70","25","Transactional"
"3","How Much Are Electric Bicycles in Australia? 2026 Prices","how-much-are-electric-bicycles","Supporting","electric bike price australia","50","25","Commercial"
"4","Commuter Electric Bike: Save on Fuel, Parking and Trains","commuter-electric-bike-guide","Primary","commuter electric bike","210","8","Informational, Commercial"
"4","Commuter Electric Bike: Save on Fuel, Parking and Trains","commuter-electric-bike-guide","Supporting","commuter bike","1000","12","Commercial"
"4","Commuter Electric Bike: Save on Fuel, Parking and Trains","commuter-electric-bike-guide","Supporting","commuter e bike","210","11","Informational, Commercial"
"4","Commuter Electric Bike: Save on Fuel, Parking and Trains","commuter-electric-bike-guide","Supporting","city e bike","140","14","Commercial"
"4","Commuter Electric Bike: Save on Fuel, Parking and Trains","commuter-electric-bike-guide","Supporting","ebike commuter","140","20","Commercial"
"4","Commuter Electric Bike: Save on Fuel, Parking and Trains","commuter-electric-bike-guide","Supporting","commuter e bikes","110","11","Commercial"
"5","E Bike Cargo Guide: Can One Replace the Second Car?","e-bike-cargo-guide-australia","Primary","e bike cargo","480","9","Commercial"
"5","E Bike Cargo Guide: Can One Replace the Second Car?","e-bike-cargo-guide-australia","Supporting","cargo electric bikes","320","15","Commercial"
"5","E Bike Cargo Guide: Can One Replace the Second Car?","e-bike-cargo-guide-australia","Supporting","cargo bicycle australia","210","6","Commercial"
"5","E Bike Cargo Guide: Can One Replace the Second Car?","e-bike-cargo-guide-australia","Supporting","cargo bikes australia","170","22","Commercial"
"5","E Bike Cargo Guide: Can One Replace the Second Car?","e-bike-cargo-guide-australia","Supporting","longtail cargo bike","110","19","Commercial"
"5","E Bike Cargo Guide: Can One Replace the Second Car?","e-bike-cargo-guide-australia","Supporting","cargo e bikes","90","6","Commercial"
"6","Electric Bike With Child Seat Australia: What Is Safe?","electric-bike-with-child-seat-australia","Primary","electric bike with child seat australia","170","11","Informational, Commercial"
"6","Electric Bike With Child Seat Australia: What Is Safe?","electric-bike-with-child-seat-australia","Supporting","childrens electric bikes","480","19","Commercial"
"6","Electric Bike With Child Seat Australia: What Is Safe?","electric-bike-with-child-seat-australia","Supporting","childs electric bike","390","16","Commercial"
"6","Electric Bike With Child Seat Australia: What Is Safe?","electric-bike-with-child-seat-australia","Supporting","bicycles with basket","210","20","Commercial"
"6","Electric Bike With Child Seat Australia: What Is Safe?","electric-bike-with-child-seat-australia","Supporting","childs mtb","170","6","Informational, Commercial"
"6","Electric Bike With Child Seat Australia: What Is Safe?","electric-bike-with-child-seat-australia","Supporting","children's bikes","140","17","Commercial"
"7","Folding Ebike Guide: Commute, Caravan and Small Spaces","folding-ebike-guide-australia","Primary","folding ebike","1300","11","Commercial"
"7","Folding Ebike Guide: Commute, Caravan and Small Spaces","folding-ebike-guide-australia","Supporting","e bike folding electric bike","2400","14","Commercial"
"7","Folding Ebike Guide: Commute, Caravan and Small Spaces","folding-ebike-guide-australia","Supporting","e bike folding bike","1900","11","Informational, Commercial"
"7","Folding Ebike Guide: Commute, Caravan and Small Spaces","folding-ebike-guide-australia","Supporting","folding bike","1900","19","Commercial"
"7","Folding Ebike Guide: Commute, Caravan and Small Spaces","folding-ebike-guide-australia","Supporting","fold away bike","1600","14","Commercial"
"7","Folding Ebike Guide: Commute, Caravan and Small Spaces","folding-ebike-guide-australia","Supporting","foldable bike","1300","21","Commercial"
"8","Fat Tire Ebike Guide: Sand, Gravel and City Riding","fat-tire-ebike-guide-australia","Primary","fat tire ebike","1000","17","Informational, Commercial"
"8","Fat Tire Ebike Guide: Sand, Gravel and City Riding","fat-tire-ebike-guide-australia","Supporting","fat bike","1000","29","Informational, Commercial"
"8","Fat Tire Ebike Guide: Sand, Gravel and City Riding","fat-tire-ebike-guide-australia","Supporting","bike fat bike","1000","17","Informational, Commercial"
"8","Fat Tire Ebike Guide: Sand, Gravel and City Riding","fat-tire-ebike-guide-australia","Supporting","fat bike bikes","1000","7","Informational, Commercial"
"8","Fat Tire Ebike Guide: Sand, Gravel and City Riding","fat-tire-ebike-guide-australia","Supporting","fat bike bicycle","720","14","Informational, Commercial"
"8","Fat Tire Ebike Guide: Sand, Gravel and City Riding","fat-tire-ebike-guide-australia","Supporting","fat bikes","720","17","Informational, Commercial"
"9","E Mountain Bike Guide: Hardtail vs Dual Suspension","e-mountain-bike-guide-australia","Primary","e mountain bike","1300","19","Commercial"
"9","E Mountain Bike Guide: Hardtail vs Dual Suspension","e-mountain-bike-guide-australia","Supporting","mountain bikes","5400","27","Commercial"
"9","E Mountain Bike Guide: Hardtail vs Dual Suspension","e-mountain-bike-guide-australia","Supporting","e mtb","1300","24","Commercial"
"9","E Mountain Bike Guide: Hardtail vs Dual Suspension","e-mountain-bike-guide-australia","Supporting","mtb bikes","1000","28","Commercial"
"9","E Mountain Bike Guide: Hardtail vs Dual Suspension","e-mountain-bike-guide-australia","Supporting","low priced mountain bikes","1000","19","Commercial"
"9","E Mountain Bike Guide: Hardtail vs Dual Suspension","e-mountain-bike-guide-australia","Supporting","mountain e bike","720","17","Commercial"
"10","E Bike Motor Guide: Hub vs Mid-Drive Explained","e-bike-motor-guide-hub-vs-mid-drive","Primary","e bike motor","390","22","Commercial"
"10","E Bike Motor Guide: Hub vs Mid-Drive Explained","e-bike-motor-guide-hub-vs-mid-drive","Supporting","cycle motor","390","4","Commercial"
"10","E Bike Motor Guide: Hub vs Mid-Drive Explained","e-bike-motor-guide-hub-vs-mid-drive","Supporting","electric cycle motor","320","18","Informational, Commercial"
"10","E Bike Motor Guide: Hub vs Mid-Drive Explained","e-bike-motor-guide-hub-vs-mid-drive","Supporting","electric motor for bike","320","23","Commercial"
"10","E Bike Motor Guide: Hub vs Mid-Drive Explained","e-bike-motor-guide-hub-vs-mid-drive","Supporting","e bike motors","170","20","Commercial"
"10","E Bike Motor Guide: Hub vs Mid-Drive Explained","e-bike-motor-guide-hub-vs-mid-drive","Supporting","electric bicycle hub motor","170","14","Informational, Commercial"
"11","E Bike Battery Guide: Capacity, Charging and Lifespan","e-bike-battery-guide-capacity-charging","Primary","e bike battery","1000","14","Informational, Commercial"
"11","E Bike Battery Guide: Capacity, Charging and Lifespan","e-bike-battery-guide-capacity-charging","Supporting","ebike charger","480","14","Informational, Commercial"
"11","E Bike Battery Guide: Capacity, Charging and Lifespan","e-bike-battery-guide-capacity-charging","Supporting","electric bicycle battery","390","14","Informational, Commercial"
"11","E Bike Battery Guide: Capacity, Charging and Lifespan","e-bike-battery-guide-capacity-charging","Supporting","electric cycle battery","260","12","Commercial"
"11","E Bike Battery Guide: Capacity, Charging and Lifespan","e-bike-battery-guide-capacity-charging","Supporting","electric bike battery 48v","260","11","Informational, Commercial"
"11","E Bike Battery Guide: Capacity, Charging and Lifespan","e-bike-battery-guide-capacity-charging","Supporting","ebike battery 48v","260","10","Commercial"
"12","Battery Operated Bicycle for Adults: Range, Charging, Cost","battery-operated-bicycle-for-adults-range-guide","Primary","battery operated bicycle for adults","720","22","Commercial"
"12","Battery Operated Bicycle for Adults: Range, Charging, Cost","battery-operated-bicycle-for-adults-range-guide","Supporting","e bike long range","170","13","Commercial"
"12","Battery Operated Bicycle for Adults: Range, Charging, Cost","battery-operated-bicycle-for-adults-range-guide","Supporting","e bicycle for adults","140","16","Informational, Commercial"
"12","Battery Operated Bicycle for Adults: Range, Charging, Cost","battery-operated-bicycle-for-adults-range-guide","Supporting","electric tricycle for adults australia","140","15","Commercial"
"12","Battery Operated Bicycle for Adults: Range, Charging, Cost","battery-operated-bicycle-for-adults-range-guide","Supporting","foldable bicycle for adults","110","16","Commercial"
"12","Battery Operated Bicycle for Adults: Range, Charging, Cost","battery-operated-bicycle-for-adults-range-guide","Supporting","foldable bikes for adults","110","8","Commercial"
"13","E Bike Kit or New E-Bike? What a Conversion Really Costs","e-bike-kit-vs-new-e-bike","Primary","e bike kit","1600","16","Commercial"
"13","E Bike Kit or New E-Bike? What a Conversion Really Costs","e-bike-kit-vs-new-e-bike","Supporting","e bike conversion kit","3600","6","Informational, Commercial"
"13","E Bike Kit or New E-Bike? What a Conversion Really Costs","e-bike-kit-vs-new-e-bike","Supporting","conversion kit ebike","1900","6","Commercial"
"13","E Bike Kit or New E-Bike? What a Conversion Really Costs","e-bike-kit-vs-new-e-bike","Supporting","bicycle ebike conversion","1000","22","Commercial"
"13","E Bike Kit or New E-Bike? What a Conversion Really Costs","e-bike-kit-vs-new-e-bike","Supporting","conversion kits e bike","1000","17","Informational, Commercial"
"13","E Bike Kit or New E-Bike? What a Conversion Really Costs","e-bike-kit-vs-new-e-bike","Supporting","ebike conversion","720","27","Commercial"
"14","Second Hand Electric Cycle: 12-Point Inspection Checklist","second-hand-electric-cycle-checklist","Primary","second hand electric cycle","720","17","Commercial"
"14","Second Hand Electric Cycle: 12-Point Inspection Checklist","second-hand-electric-cycle-checklist","Supporting","used electric bicycles","720","11","Commercial"
"14","Second Hand Electric Cycle: 12-Point Inspection Checklist","second-hand-electric-cycle-checklist","Supporting","second hand electric bikes for sale","480","17","Transactional"
"14","Second Hand Electric Cycle: 12-Point Inspection Checklist","second-hand-electric-cycle-checklist","Supporting","second hand electric bicycle","390","13","Commercial"
"14","Second Hand Electric Cycle: 12-Point Inspection Checklist","second-hand-electric-cycle-checklist","Supporting","used electric bikes for sale","390","19","Transactional"
"14","Second Hand Electric Cycle: 12-Point Inspection Checklist","second-hand-electric-cycle-checklist","Supporting","second hand e bikes for sale australia","320","11","Transactional"
"15","Electric Bike Kids Guide: Ages, Speed Limits and Safety","electric-bike-kids-guide","Primary","electric bike kids","590","17","Commercial"
"15","Electric Bike Kids Guide: Ages, Speed Limits and Safety","electric-bike-kids-guide","Supporting","electric kids bike","480","17","Commercial"
"15","Electric Bike Kids Guide: Ages, Speed Limits and Safety","electric-bike-kids-guide","Supporting","electric bike for kids","320","16","Commercial"
"15","Electric Bike Kids Guide: Ages, Speed Limits and Safety","electric-bike-kids-guide","Supporting","youth bike helmet","70","7","Informational, Commercial"
"15","Electric Bike Kids Guide: Ages, Speed Limits and Safety","electric-bike-kids-guide","Supporting","kids ebikes","70","15","Commercial"
"15","Electric Bike Kids Guide: Ages, Speed Limits and Safety","electric-bike-kids-guide","Supporting","youth cycle helmet","50","5","Commercial"
"16","Ebikes Womens Guide: Step-Through Frames and Fit","womens-ebikes-step-through-guide","Primary","ebikes womens","170","9","Commercial"
"16","Ebikes Womens Guide: Step-Through Frames and Fit","womens-ebikes-step-through-guide","Supporting","step through e bikes australia","90","6","Commercial"
"16","Ebikes Womens Guide: Step-Through Frames and Fit","womens-ebikes-step-through-guide","Supporting","electric step through bike","90","6","Informational, Commercial"
"16","Ebikes Womens Guide: Step-Through Frames and Fit","womens-ebikes-step-through-guide","Supporting","bike womens with basket","90","19","Commercial"
"16","Ebikes Womens Guide: Step-Through Frames and Fit","womens-ebikes-step-through-guide","Supporting","ebike step through","90","6","Commercial"
"16","Ebikes Womens Guide: Step-Through Frames and Fit","womens-ebikes-step-through-guide","Supporting","ladies e bike australia","70","7","Informational, Commercial"
"17","Best Electric Tricycle for Adults Australia: 3-Wheel Guide","best-electric-tricycle-adults-australia","Primary","best electric tricycle for adults australia","170","9","Commercial"
"17","Best Electric Tricycle for Adults Australia: 3-Wheel Guide","best-electric-tricycle-adults-australia","Supporting","trike bikes australia","390","19","Navigational, Commercial"
"17","Best Electric Tricycle for Adults Australia: 3-Wheel Guide","best-electric-tricycle-adults-australia","Supporting","e trikes australia","210","16","Commercial"
"17","Best Electric Tricycle for Adults Australia: 3-Wheel Guide","best-electric-tricycle-adults-australia","Supporting","electric tricycles australia","170","12","Commercial"
"17","Best Electric Tricycle for Adults Australia: 3-Wheel Guide","best-electric-tricycle-adults-australia","Supporting","electric three wheeler bike","170","9","Commercial"
"17","Best Electric Tricycle for Adults Australia: 3-Wheel Guide","best-electric-tricycle-adults-australia","Supporting","electric three wheel bike","140","6","Commercial"
"18","E Bike Helmets: What the Standard Means and How to Fit","e-bike-helmets-guide-australia","Primary","e bike helmets","260","17","Informational, Commercial"
"18","E Bike Helmets: What the Standard Means and How to Fit","e-bike-helmets-guide-australia","Supporting","e bikes helmet","210","25","Informational, Commercial"
"18","E Bike Helmets: What the Standard Means and How to Fit","e-bike-helmets-guide-australia","Supporting","dot biker helmets","170","9","Informational, Commercial"
"18","E Bike Helmets: What the Standard Means and How to Fit","e-bike-helmets-guide-australia","Supporting","ebike helmets","170","12","Commercial"
"18","E Bike Helmets: What the Standard Means and How to Fit","e-bike-helmets-guide-australia","Supporting","infant cycling helmet","140","6","Commercial"
"18","E Bike Helmets: What the Standard Means and How to Fit","e-bike-helmets-guide-australia","Supporting","infant helmets for bikes","140","9","Commercial"
"19","Throttle Ebikes in Australia: Power Limits and the Law","throttle-ebikes-australia-legal-guide","Primary","throttle ebikes","170","9","Commercial"
"19","Throttle Ebikes in Australia: Power Limits and the Law","throttle-ebikes-australia-legal-guide","Supporting","e bike throttles","140","7","Informational, Commercial"
"19","Throttle Ebikes in Australia: Power Limits and the Law","throttle-ebikes-australia-legal-guide","Supporting","ebike 250w","90","11","Commercial"
"19","Throttle Ebikes in Australia: Power Limits and the Law","throttle-ebikes-australia-legal-guide","Supporting","e bikes throttle","90","8","Informational, Commercial"
"19","Throttle Ebikes in Australia: Power Limits and the Law","throttle-ebikes-australia-legal-guide","Supporting","e-bike throttle","70","6","Commercial"
"19","Throttle Ebikes in Australia: Power Limits and the Law","throttle-ebikes-australia-legal-guide","Supporting","electric mountain bike with throttle","70","19","Commercial"
"20","Electric Beach Cruisers: Comfort, Style and Coastal Rides","electric-beach-cruisers-guide","Primary","electric beach cruisers","110","8","Commercial"
"20","Electric Beach Cruisers: Comfort, Style and Coastal Rides","electric-beach-cruisers-guide","Supporting","bike cruiser bike","2900","16","Informational, Commercial"
"20","Electric Beach Cruisers: Comfort, Style and Coastal Rides","electric-beach-cruisers-guide","Supporting","cruiser bikes","1300","15","Commercial"
"20","Electric Beach Cruisers: Comfort, Style and Coastal Rides","electric-beach-cruisers-guide","Supporting","e bike cruiser","390","12","Informational, Commercial"
"20","Electric Beach Cruisers: Comfort, Style and Coastal Rides","electric-beach-cruisers-guide","Supporting","electric bike cruiser","170","12","Commercial"
"20","Electric Beach Cruisers: Comfort, Style and Coastal Rides","electric-beach-cruisers-guide","Supporting","electric cruiser bikes","110","9","Commercial"