product,product_url,brand,category_page_url,category_page,category_primary_keyword,product_title,price_aud,rrp_aud,photos,tags
"Apex Commuter Urban Pro 250W","/product/apex-commuter-urban-pro-250w","Apex Mobility","/ebikes/electric-commuter-bikes","Electric Commuter Bikes","electric bike for commuters","Apex Commuter Urban Pro 250W | Buy Online Australia",1899,2299,4,"pedal assist bike; e bike with pedal assist; electric bike for commuters; electric commuter bikes; commuter e-bike; e bike women; 250w e bike; womens electric bike; electric pedal assist bike; pedal assist e-bike"
"Outback Beast 4.0 Fat Tyre Cruiser","/product/outback-beast-fat-tyre-cruiser","Outback Electric","/ebikes/fat-tyre-electric-bicycle","Fat Tyre Electric Bicycles","fat tyre electric bicycle","Outback Beast 4.0 Fat Tyre Cruiser | Buy Online Australia",2499,2899,3,"fat tyre electric bicycle; electric fat tire bicycles; fat tyre ebike; fat tyre electric bike; electric fat bike; electric bicycle fat bike; fat electric bicycle; fat e bike; fat wheel electric bike; cruiser e bike"
"MetroFold Ultra Compact 20"" Folding E-Bike","/product/metrofold-ultra-compact-folding-ebike","MetroFold","/ebikes/folding-e-bike","Folding E-Bikes","folding e bike","MetroFold Ultra Compact 20"" Folding E-Bike | Buy Online",1499,1799,2,"fold up electric bicycle; folding e bike; foldable electric bike; foldable electric bicycle; folding electric bike; e bike that folds; foldable ebike; electric foldable cycle; electric folding cycle; fold up electric bike"
"TrailPeak Enduro Carbon Mid-Drive eMTB","/product/trailpeak-enduro-carbon-mid-drive-emtb","TrailPeak Australia","/ebikes/electric-mountain-bike/enduro","Enduro Dual Suspension eMTB's","downhill mountain bike","TrailPeak Enduro Carbon Mid-Drive eMTB | Buy Online",4999,5799,2,"dual suspension ebike; mid drive electric bike; electric trail bicycle; dual suspension electric mountain bike; full suspension electric bicycle; dual suspension electric bike; electric full sus mountain bike; full sus emtb; electric bicycle mid drive motor; mid drive ebike motor"
"Hauler Cargo Max Longtail Family Carrier","/product/hauler-cargo-max-longtail-family-carrier","Hauler Logistics","/ebikes/electric-cargo-bikes","Electric Cargo Bikes","electric cargo bike","Hauler Cargo Max Longtail Family Carrier | Buy Online",3299,3899,2,"cargo bike; electric cargo bike; electric cargo bicycle; cargo e bike; cargo bike australia; electric cargo bike australia; cargo ebike australia; electric bike with child seat australia; electric delivery bicycle; longtail cargo bike"
"GlideCity Pro Australian Commuter E-Scooter","/product/glidecity-pro-australian-commuter-scooter","GlideCity","/scooters","Electric Scooters","e scooter adults","GlideCity Pro Australian Commuter E-Scooter | Buy Online",899,1099,1,"e scooter adults; push scooter adults; foldable scooters; motorized scooter for adults; adult escooter; collapsible electric scooter for adults; electric scooter foldable adults; escooter for adults; foldable electric scooter for adults; folding electric scooters"
"AussieGuard Youth & Junior Bike Helmet AS/NZS 2063","/product/aussieguard-youth-junior-bike-helmet","AussieGuard Safety","/kids-bike-helmets","Kids Bike Helmets","helmet youth bike","AussieGuard Youth & Junior Bike Helmet AS/NZS 2063 | Buy",65,85,1,"helmet youth bike; e bike helmet; helmets for cycle; childs cycling helmet; electric bike helmet; childrens cycle helmet; childrens cycling helmets; full face childrens helmet; full face childs helmet; cheap bike helmets"
"Schwalbe Marathon Plus E-Bike Puncture Tyres (Pair)","/product/schwalbe-marathon-plus-ebike-tyres","Schwalbe","/e-bike-parts","E-Bike Parts","electric bike parts","Schwalbe Marathon Plus E-Bike Puncture Tyres (Pair) | Buy",139,170,1,"electric bike parts; ebike parts; electric bicycle parts; e bike tires; electric bicycle tire; electric bike parts australia; e bike parts australia; e bicycle parts; electric bike spare parts; electric cycle parts"
"Shimano Deore Hydraulic Disc Brake Pads & 180mm Rotor Kit","/product/shimano-deore-hydraulic-disc-brake-pads-180mm-rotor-kit","Shimano","/e-bike-parts","E-Bike Parts","electric bike parts","Shimano Deore Hydraulic Disc Brake Pads & | Buy Online",89,115,2,"parts for e bikes; e bike brakes; electric bike parts; ebike parts; electric bicycle parts; electric bike parts australia; e bike parts australia; e bicycle parts; electric bike spare parts; electric cycle parts"
"KMC e11 Turbo E-Bike Reinforced 11-Speed Chain","/product/kmc-e11-turbo-ebike-reinforced-11-speed-chain","KMC","/e-bike-parts","E-Bike Parts","electric bike parts","KMC e11 Turbo E-Bike Reinforced 11-Speed Chain | Buy Online",79,99,1,"mid motor ebike; mid drive e bike; mid drive electric bike australia; mid drive electric bike; electric bicycle mid drive motor; mid drive ebike motor; parts for e bikes; electric bike parts; ebike parts; electric bicycle parts"
"Ergon GP1 Biokork Ergonomic Grips & Gel Saddle Set","/product/ergon-gp1-biokork-ergonomic-grips-gel-saddle-set","Ergon","/e-bike-parts","E-Bike Parts","electric bike parts","Ergon GP1 Biokork Ergonomic Grips & Gel Saddle Set | Buy",119,149,1,"ebike accessories; electric bicycle accessories; seat e bike; electric bicycle seats; electric bike accessories; e bike pedals; ebike lights; e bike accessory; electric bike light; electric bike seat"
"Park Tool E-Bike Precision Multi-Tool & Chain Wear Kit","/product/park-tool-ebike-precision-multi-tool-chain-wear-kit","Park Tool","/e-bike-parts","E-Bike Parts","electric bike parts","Park Tool E-Bike Precision Multi-Tool & Chain Wear Kit | Buy",95,120,1,"e bike controller; electric bike controller; e bicycle accessories; controller for e-bike; electric bicycle controllers; ebike accessories; electric bicycle accessories; electric bike accessories; e bike accessory; electric bike parts australia"
"SummitHardtail Apex 29"" Electric Mountain Bike","/product/summithardtail-apex-29-electric-mountain-bike","Apex Mobility","/ebikes/electric-mountain-bike/hardtail","Electric Hardtail Mountain Bikes","electric hardtail mountain bike","SummitHardtail Apex 29"" Electric Mountain Bike | Buy Online",2699,3199,3,"electric mountain bike; electric mtb; electric mountain bikes australia; emtb australia; electric bicycle mtb; electric mountain bike sales; electric mtb australia; best electric mountain bike australia; electric mountain bike with throttle; best electric mtb"
"Apex FlowTrail Pro Dual Suspension eMTB","/product/apex-flowtrail-pro-dual-suspension-emtb","Apex Mobility","/ebikes/electric-mountain-bike/dual-suspension","Dual Suspension eMTB's","dual suspension electric mountain bike","Apex FlowTrail Pro Dual Suspension eMTB | Buy Online",4299,4899,2,"electric trail bike australia; best emtb 2026; dual suspension emtb; emtb bike; fastest emtb; dual suspension ebike; electric trail bicycle; emtb australia; dual suspension electric mountain bike; full suspension electric bicycle"
"TrailYouth 24"" Junior Mountain e-Bike","/product/trailyouth-24-junior-mountain-ebike","Outback Electric","/ebikes/electric-mountain-bike/kids-mountain-bikes","Kids and Youths 24"" eMTB's","kids mountain bikes","TrailYouth 24"" Junior Mountain e-Bike | Buy Online Australia",1699,1999,2,"mountain electric cycle; mountain e cycle; electric bicycle mountain bike; mountain electric bicycle; ebikes mountain; lightweight electric bike; lightweight electric bike australia; lightweight ebike australia; lightweight electric bicycle; electric assist mountain bike"
"Alpine Trial Suspension Pro 29"" eMTB","/product/alpine-trial-suspension-pro-29-emtb","TrailPeak Australia","/ebikes/electric-mountain-bike/trial-suspension","Trial Suspension eMTB's","electric trail bicycle","Alpine Trial Suspension Pro 29"" eMTB | Buy Online Australia",3899,4499,2,"electric mountain bik; electric hardtail mountain bike; best electric mountain bikes 2026; mens electric mountain bike; fastest electric mountain bike; high performance electric mountain bike; lightweight electric mountain bike; e bike mountain bike; electric assist bike; electric bikes mountain bike"
"Byron Bay Classic Electric Cruiser 250W","/product/byron-bay-classic-electric-cruiser-250w","Outback Electric","/ebikes/electric-cruiser-bikes","Electric Cruiser Bikes","cruiser e bike","Byron Bay Classic Electric Cruiser 250W | Buy Online",1999,2399,2,"cruiser electric bike; electric beach bike; electric beach cruisers; electric cruiser bike australia; cruiser e bikes australia; cruiser e bike; fat wheel electric bicycle; electric fat tyre bike; electric bicycles with fat tires; fat wheel e bike"
"AeroVelocity Carbon Electric Road Bike 250W","/product/aerovelocity-carbon-endurance-e-road-bike-250w","Apex Mobility","/ebikes/electric-road-bikes","Electric Road Bikes","electric road bike","AeroVelocity Carbon Electric Road Bike 250W | Buy Online",3599,4199,2,"electric road bike; fast e bicycle; electric gravel bike; road bicycle electric; gravel ebike; high performance e bike; electric road bike australia; e bikes fast; faster e bike; fastest e cycle"
"GlideMini Safe-Speed Kids 3-Wheel Scooter","/product/glidemini-safe-speed-kids-3-wheel-scooter","GlideCity","/scooters/kids-scooters","Kids Scooters","kids e scooter","GlideMini Safe-Speed Kids 3-Wheel Scooter | Buy Online",299,379,2,"push scooter electric; electric foot scooter; cheap good e scooters; kick adult scooters; e scooter controller; e scooter brand; e scooters for adults; recreational e scooters; e scooter adults; push scooter adults"
"GlideX Pro Urban Adults Dual-Brake Scooter","/product/glidex-pro-urban-adults-dual-brake-scooter","GlideCity","/scooters","Electric Scooters","e scooter adults","GlideX Pro Urban Adults Dual-Brake Scooter | Buy Online",899,1099,2,"folding electric scooter for adults; adults electric scooter; best e-scooters; motorized scooter for adults; adult escooter; collapsible electric scooter for adults; electric scooter foldable adults; escooter for adults; foldable electric scooter for adults; folding electric scooters"
"GlideShield Heavy Duty Scooter Lock & Bag Kit","/product/glideshield-heavy-duty-scooter-lock-bag-kit","GlideCity","/scooters/scooter-accessories","Scooter Accessories","electric scooter accessories","GlideShield Heavy Duty Scooter Lock & Bag Kit | Buy Online",119,149,2,"electric scooters top rated; foldable scooters; e scooter controller; best e-scooters; e scooter brand; recreational e scooters; electric scooter foldable adults; foldable electric scooter for adults; push scooter electric; electric foot scooter"
"Kryptonite New York Diamond Standard E-Bike U-Lock","/product/kryptonite-new-york-diamond-standard-ebike-lock","Kryptonite","/e-bike-accessories","E-Bike Accessories","ebike accessories","Kryptonite New York Diamond Standard E-Bike U-Lock | Buy",149,189,2,"e bike lighting; electric bike with 2 child seats australia; e-bike front light; electric bike light bar; e bike with kids seat; electric bike pedals; e bike headlight; seat e bike; electric bicycle seats; e bike pedals"
"Cube Reaction Hybrid Performance 500 Electric Hardtail Mountain Bike","/product/cube-reaction-hybrid-performance-500","Cube","/ebikes/electric-mountain-bike/hardtail","Electric Hardtail Mountain Bikes","electric hardtail mountain bike","Cube Reaction Hybrid Performance 500 Hardtail Mountain | Buy",2999,4299,2,"electric hardtail mountain bike; hardtail mountain bikes; hardtail mtb for sale; hardtail mountain bikes for sale; hardtail e mountain bike; cheap hardtail mountain bikes"
"Cube Stereo Hybrid ONE77 HPC Race 800 Electric Enduro Bike","/product/cube-stereo-hybrid-one77-hpc-race-800","Cube","/ebikes/electric-mountain-bike/dual-suspension","Dual Suspension eMTB's","dual suspension electric mountain bike","Cube Stereo Hybrid ONE77 HPC Race 800 Enduro | Buy Online",5597,7999,2,"dual suspension electric mountain bike; dual suspension ebike; dual suspension mtb for sale; full suspension e mtb; full suspension electric bicycle; dual suspension electric bike; electric full sus mountain bike; full sus emtb; dual suspension emtb"
"Merida eOne-Sixty 400 Electric Enduro Bike","/product/merida-eone-sixty-400","Merida","/ebikes/electric-mountain-bike/enduro","Enduro Dual Suspension eMTB's","downhill mountain bike","Merida eOne-Sixty 400 Electric Enduro Bike | Buy Online",4477,6999,1,"downhill mountain bike; downhill mtb for sale; downhill bikes for sale; mtb downhill mountain bike; affordable downhill mtb; mtb downhill bikes; downhill bike; dh bike mtb; dh mountain bike; bike for downhill"
"Pedal Lynx 3 Electric Hardtail Mountain Bike","/product/pedal-lynx-3-electric-hardtail-mountain-bike","Pedal","/ebikes/electric-mountain-bike/hardtail","Electric Hardtail Mountain Bikes","electric hardtail mountain bike","Pedal Lynx 3 Electric Hardtail Mountain Bike | Buy Online",2145,3499,1,"electric hardtail mountain bike; hardtail mountain bikes; hardtail mtb for sale; hardtail mountain bikes for sale; hardtail e mountain bike; cheap hardtail mountain bikes"
"Cube Touring Hybrid ONE 600 Electric Hybrid Bike","/product/cube-touring-hybrid-one-600","Cube","/ebikes/electric-commuter-bikes","Electric Commuter Bikes","electric bike for commuters","Cube Touring Hybrid ONE 600 Electric Hybrid Bike | Buy",3299,4999,2,"electric bike for commuters; electric commuter bikes; commuter e-bike; trekking e bike; e bike women; womens electric bike; mens electric bike; step through electric bikes; lightweight electric bike; e bike mens"
"Cube Touring Hybrid ONE Easy Entry 600 Electric Hybrid Bike","/product/cube-touring-hybrid-one-easy-entry-600","Cube","/ebikes/electric-commuter-bikes","Electric Commuter Bikes","electric bike for commuters","Cube Touring Hybrid ONE Easy Entry 600 Hybrid | Buy Online",3299,4999,4,"electric bike for commuters; electric commuter bikes; commuter e-bike; trekking e bike; e bike women; womens electric bike; mens electric bike; step through electric bikes; lightweight electric bike; e bike mens"
"Cube Nuroad Hybrid C:62 Race 400X Electric Gravel Bike","/product/cube-nuroad-hybrid-c62-race-400x","Cube","/ebikes/electric-road-bikes","Electric Road Bikes","electric road bike","Cube Nuroad Hybrid C:62 Race 400X Electric Gravel Bike | Buy",6299,6799,2,"electric road bike; electric gravel bike; road bicycle electric; gravel ebike; electric road bike australia; off road electric bike australia"
"Merida eSilex 400 Electric Gravel Bike","/product/merida-esilex-400","Merida","/ebikes/electric-road-bikes","Electric Road Bikes","electric road bike","Merida eSilex 400 Electric Gravel Bike | Buy Online",2999,4199,1,"electric road bike; electric gravel bike; road bicycle electric; gravel ebike; electric road bike australia; off road electric bike australia"
"Merida eSilex+ 600 Electric Gravel Bike","/product/merida-esilex-plus-600","Merida","/ebikes/electric-road-bikes","Electric Road Bikes","electric road bike","Merida eSilex+ 600 Electric Gravel Bike | Buy Online",3999,4799,1,"electric road bike; electric gravel bike; road bicycle electric; gravel ebike; electric road bike australia; off road electric bike australia"
"Pedal Brewer Electric Cruiser Bike 560Wh","/product/pedal-brewer-electric-cruiser-560wh","Pedal","/ebikes/electric-cruiser-bikes","Electric Cruiser Bikes","cruiser e bike","Pedal Brewer Electric Cruiser Bike 560Wh | Buy Online",1899,2599,2,"cruiser e bike; cruiser electric bike; electric cruiser bike australia; cruiser e bikes australia"
"Pedal Derby Electric Folding Bike","/product/pedal-derby-electric-folding-bike","Pedal","/ebikes/folding-e-bike","Folding E-Bikes","folding e bike","Pedal Derby Electric Folding Bike | Buy Online Australia",1899,2299,4,"folding e bike; folding e bikes for sale; foldable electric bikes for sale; foldable e bicycle; e bike collapsible; best fold up electric bike; fold up electric bicycle; foldable electric bike; foldable electric bicycle; folding electric bike"
"Pedal Dynamo 3 Electric Folding Bike","/product/pedal-dynamo-3-electric-folding-bike","Pedal","/ebikes/folding-e-bike","Folding E-Bikes","folding e bike","Pedal Dynamo 3 Electric Folding Bike | Buy Online Australia",899,1399,2,"folding e bike; folding e bikes for sale; foldable electric bikes for sale; foldable e bicycle; e bike collapsible; best fold up electric bike; fold up electric bicycle; foldable electric bike; foldable electric bicycle; folding electric bike"
"Pedal Bandit 20"" Electric Fat Tyre Bike","/product/pedal-bandit-20-electric-fat-tyre-bike","Pedal","/ebikes/fat-tyre-electric-bicycle","Fat Tyre Electric Bicycles","fat tyre electric bicycle","Pedal Bandit 20"" Electric Fat Tyre Bike | Buy Online",1299,2699,2,"fat tyre electric bicycle; fat bike for sale; electric fat tire bicycles; fat tyre ebike; fat tyre electric bike; electric fat bike; electric bicycle fat bike; fat electric bicycle; fat e bike; fat wheel electric bike"
"Dirodi Rover Pro 250W Electric Fat Bike","/product/dirodi-rover-pro-250w-electric-fat-bike","Dirodi","/ebikes/fat-tyre-electric-bicycle","Fat Tyre Electric Bicycles","fat tyre electric bicycle","Dirodi Rover Pro 250W Electric Fat Bike | Buy Online",3259,4490,2,"fat tyre electric bicycle; fat bike for sale; electric fat tire bicycles; fat tyre ebike; fat tyre electric bike; electric fat bike; electric bicycle fat bike; fat electric bicycle; fat e bike; fat wheel electric bike"
"Cube Compact Sport Hybrid 500 Electric Bike","/product/cube-compact-sport-hybrid-500","Cube","/ebikes/electric-commuter-bikes","Electric Commuter Bikes","electric bike for commuters","Cube Compact Sport Hybrid 500 Electric Bike | Buy Online",2500,,1,"electric bike for commuters; electric commuter bikes; commuter e-bike; trekking e bike; e bike women; womens electric bike; mens electric bike; step through electric bikes; lightweight electric bike; e bike mens"
"Pedal Coyote 3 Electric Hardtail Mountain Bike","/product/pedal-coyote-3-electric-hardtail-mountain-bike","Pedal","/ebikes/electric-mountain-bike/hardtail","Electric Hardtail Mountain Bikes","electric hardtail mountain bike","Pedal Coyote 3 Electric Hardtail Mountain Bike | Buy Online",1599,2399,1,"electric hardtail mountain bike; hardtail mountain bikes; hardtail mtb for sale; hardtail mountain bikes for sale; hardtail e mountain bike; cheap hardtail mountain bikes"
"Pedal Coyote 3 ST Tour Electric Hardtail Mountain Bike","/product/pedal-coyote-3-st-tour-electric-hardtail-mountain-bike","Pedal","/ebikes/electric-mountain-bike/hardtail","Electric Hardtail Mountain Bikes","electric hardtail mountain bike","Pedal Coyote 3 ST Tour Electric Hardtail Mountain Bike | Buy",1697,2699,1,"electric hardtail mountain bike; hardtail mountain bikes; hardtail mtb for sale; hardtail mountain bikes for sale; hardtail e mountain bike; cheap hardtail mountain bikes"
"Pedal Jaguar 2 29"" Electric Mountain Bike","/product/pedal-jaguar-2-29-electric-mountain-bike","Pedal","/ebikes/electric-mountain-bike/hardtail","Electric Hardtail Mountain Bikes","electric hardtail mountain bike","Pedal Jaguar 2 29"" Electric Mountain Bike | Buy Online",1299,1999,0,"electric hardtail mountain bike; hardtail mountain bikes; hardtail mtb for sale; hardtail mountain bikes for sale; hardtail e mountain bike; cheap hardtail mountain bikes"
"Pedal Lynx 3C ST Electric Hardtail Mountain Bike 468Wh","/product/pedal-lynx-3c-st-electric-hardtail-mountain-bike","Pedal","/ebikes/electric-mountain-bike/hardtail","Electric Hardtail Mountain Bikes","electric hardtail mountain bike","Pedal Lynx 3C ST Electric Hardtail Mountain Bike 468Wh | Buy",2476,3599,0,"electric hardtail mountain bike; hardtail mountain bikes; hardtail mtb for sale; hardtail mountain bikes for sale; hardtail e mountain bike; cheap hardtail mountain bikes"
"Cube Reaction Hybrid Performance 600 Electric Hardtail Mountain Bike","/product/cube-reaction-hybrid-performance-600-electric-hardtail","Cube","/ebikes/electric-mountain-bike/hardtail","Electric Hardtail Mountain Bikes","electric hardtail mountain bike","Cube Reaction Hybrid Performance 600 Hardtail Mountain | Buy",3987,4999,1,"electric hardtail mountain bike; hardtail mountain bikes; hardtail mtb for sale; hardtail mountain bikes for sale; hardtail e mountain bike; cheap hardtail mountain bikes"
"Cube Reaction Hybrid Pro 800 Electric Hardtail Mountain Bike","/product/cube-reaction-hybrid-pro-800-electric-hardtail","Cube","/ebikes/electric-mountain-bike/hardtail","Electric Hardtail Mountain Bikes","electric hardtail mountain bike","Cube Reaction Hybrid Pro 800 Hardtail Mountain | Buy Online",4999,6399,1,"electric hardtail mountain bike; hardtail mountain bikes; hardtail mtb for sale; hardtail mountain bikes for sale; hardtail e mountain bike; cheap hardtail mountain bikes"
"Merida eBig.Nine 400 Electric Hardtail Mountain Bike","/product/merida-ebig-nine-400-electric-hardtail-mountain-bike","Merida","/ebikes/electric-mountain-bike/hardtail","Electric Hardtail Mountain Bikes","electric hardtail mountain bike","Merida eBig.Nine 400 Electric Hardtail Mountain Bike | Buy",3549,5499,0,"electric hardtail mountain bike; hardtail mountain bikes; hardtail mtb for sale; hardtail mountain bikes for sale; hardtail e mountain bike; cheap hardtail mountain bikes"
"Merida eBig.Nine 300 SE Electric Hardtail Mountain Bike 418Wh","/product/merida-ebig-nine-300-se-electric-hardtail-mountain-bike","Merida","/ebikes/electric-mountain-bike/hardtail","Electric Hardtail Mountain Bikes","electric hardtail mountain bike","Merida eBig.Nine 300 SE Hardtail Mountain Bike 418Wh | Buy",2455,4099,0,"electric hardtail mountain bike; hardtail mountain bikes; hardtail mtb for sale; hardtail mountain bikes for sale; hardtail e mountain bike; cheap hardtail mountain bikes"
"Cube Stereo Hybrid ONE44 Pro 800 Electric Trail Bike","/product/cube-stereo-hybrid-one44-pro-800-electric-trail-bike","Cube","/ebikes/electric-mountain-bike/trial-suspension","Trial Suspension eMTB's","electric trail bicycle","Cube Stereo Hybrid ONE44 Pro 800 Electric Trail Bike | Buy",4499,6999,1,"electric trail bicycle; off road electric bike australia; off roading electric bike; electric trail bike australia; all mountain mtb bikes"
"Cube Stereo Hybrid ONE22 Pro 600 Electric Trail Bike","/product/cube-stereo-hybrid-one22-pro-600-electric-trail-bike","Cube","/ebikes/electric-mountain-bike/trial-suspension","Trial Suspension eMTB's","electric trail bicycle","Cube Stereo Hybrid ONE22 Pro 600 Electric Trail Bike | Buy",4399,6499,1,"electric trail bicycle; off road electric bike australia; off roading electric bike; electric trail bike australia; all mountain mtb bikes"
"Cube Stereo Hybrid ONE44 HPC Race 800 Electric Trail Bike","/product/cube-stereo-hybrid-one44-hpc-race-800-electric-trail-bike","Cube","/ebikes/electric-mountain-bike/trial-suspension","Trial Suspension eMTB's","electric trail bicycle","Cube Stereo Hybrid ONE44 HPC Race 800 Trail | Buy Online",6499,7999,1,"electric trail bicycle; off road electric bike australia; off roading electric bike; electric trail bike australia; all mountain mtb bikes"
"Merida eOne-Forty 400 Electric Trail Bike","/product/merida-eone-forty-400-electric-trail-bike","Merida","/ebikes/electric-mountain-bike/trial-suspension","Trial Suspension eMTB's","electric trail bicycle","Merida eOne-Forty 400 Electric Trail Bike | Buy Online",4498,6999,1,"electric trail bicycle; off road electric bike australia; off roading electric bike; electric trail bike australia; all mountain mtb bikes"
"Cube Stereo Hybrid ONE77 HPC SLX 800 Electric Enduro Bike","/product/cube-stereo-hybrid-one77-hpc-slx-800-electric-enduro-bike","Cube","/ebikes/electric-mountain-bike/enduro","Enduro Dual Suspension eMTB's","downhill mountain bike","Cube Stereo Hybrid ONE77 HPC SLX 800 Enduro | Buy Online",7499,9499,1,"downhill mountain bike; downhill mtb for sale; downhill bikes for sale; mtb downhill mountain bike; affordable downhill mtb; mtb downhill bikes; downhill bike; dh bike mtb; dh mountain bike; bike for downhill"
"Cube Stereo Hybrid ONE77 HPC TM 800 Electric Enduro Bike","/product/cube-stereo-hybrid-one77-hpc-tm-800-electric-enduro-bike","Cube","/ebikes/electric-mountain-bike/enduro","Enduro Dual Suspension eMTB's","downhill mountain bike","Cube Stereo Hybrid ONE77 HPC TM 800 Enduro | Buy Online",7999,10999,1,"downhill mountain bike; downhill mtb for sale; downhill bikes for sale; mtb downhill mountain bike; affordable downhill mtb; mtb downhill bikes; downhill bike; dh bike mtb; dh mountain bike; bike for downhill"
"Merida eOne-Sixty 675 Electric Enduro Bike","/product/merida-eone-sixty-675-electric-enduro-bike","Merida","/ebikes/electric-mountain-bike/enduro","Enduro Dual Suspension eMTB's","downhill mountain bike","Merida eOne-Sixty 675 Electric Enduro Bike | Buy Online",5717,8799,2,"downhill mountain bike; downhill mtb for sale; downhill bikes for sale; mtb downhill mountain bike; affordable downhill mtb; mtb downhill bikes; downhill bike; dh bike mtb; dh mountain bike; bike for downhill"
"Merida eOne-Eighty 500 Electric Enduro Bike","/product/merida-eone-eighty-500-electric-enduro-bike","Merida","/ebikes/electric-mountain-bike/enduro","Enduro Dual Suspension eMTB's","downhill mountain bike","Merida eOne-Eighty 500 Electric Enduro Bike | Buy Online",6297,9399,1,"downhill mountain bike; downhill mtb for sale; downhill bikes for sale; mtb downhill mountain bike; affordable downhill mtb; mtb downhill bikes; downhill bike; dh bike mtb; dh mountain bike; bike for downhill"
"Merida eOne-Eighty 700 Electric Enduro Bike","/product/merida-eone-eighty-700-electric-enduro-bike","Merida","/ebikes/electric-mountain-bike/enduro","Enduro Dual Suspension eMTB's","downhill mountain bike","Merida eOne-Eighty 700 Electric Enduro Bike | Buy Online",6953,10199,1,"downhill mountain bike; downhill mtb for sale; downhill bikes for sale; mtb downhill mountain bike; affordable downhill mtb; mtb downhill bikes; downhill bike; dh bike mtb; dh mountain bike; bike for downhill"
"Merida eOne-Sixty SL 10K Electric Enduro Bike","/product/merida-eone-sixty-sl-10k-electric-enduro-bike","Merida","/ebikes/electric-mountain-bike/enduro","Enduro Dual Suspension eMTB's","downhill mountain bike","Merida eOne-Sixty SL 10K Electric Enduro Bike | Buy Online",9999,16999,0,"downhill mountain bike; downhill mtb for sale; downhill bikes for sale; mtb downhill mountain bike; affordable downhill mtb; mtb downhill bikes; downhill bike; dh bike mtb; dh mountain bike; bike for downhill"
"Pedal Eagle ST Electric Hybrid Bike","/product/pedal-eagle-st-electric-hybrid-bike","Pedal","/ebikes/electric-commuter-bikes","Electric Commuter Bikes","electric bike for commuters","Pedal Eagle ST Electric Hybrid Bike | Buy Online Australia",1999,3399,2,"electric bike for commuters; electric commuter bikes; commuter e-bike; trekking e bike; e bike women; womens electric bike; mens electric bike; step through electric bikes; lightweight electric bike; e bike mens"
"Pedal Clipper 2 Electric Hybrid Bike","/product/pedal-clipper-2-electric-hybrid-bike","Pedal","/ebikes/electric-commuter-bikes","Electric Commuter Bikes","electric bike for commuters","Pedal Clipper 2 Electric Hybrid Bike | Buy Online Australia",899,1899,1,"electric bike for commuters; electric commuter bikes; commuter e-bike; trekking e bike; e bike women; womens electric bike; mens electric bike; step through electric bikes; lightweight electric bike; e bike mens"
"Pedal Comet 3 Disc Electric Hybrid Bike","/product/pedal-comet-3-disc-electric-hybrid-bike","Pedal","/ebikes/electric-commuter-bikes","Electric Commuter Bikes","electric bike for commuters","Pedal Comet 3 Disc Electric Hybrid Bike | Buy Online",1399,1799,2,"electric bike for commuters; electric commuter bikes; commuter e-bike; trekking e bike; e bike women; womens electric bike; mens electric bike; step through electric bikes; lightweight electric bike; e bike mens"
"Cube Nuride Hybrid Performance Easy Entry 600 Electric Hybrid Bike","/product/cube-nuride-hybrid-performance-easy-entry-600-electric-hybrid-bike","Cube","/ebikes/electric-commuter-bikes","Electric Commuter Bikes","electric bike for commuters","Cube Nuride Hybrid Performance Easy Entry 600 Hybrid | Buy",3299,4999,1,"electric bike for commuters; electric commuter bikes; commuter e-bike; trekking e bike; e bike women; womens electric bike; mens electric bike; step through electric bikes; lightweight electric bike; e bike mens"
"Cube Touring Hybrid Pro 800 Electric Hybrid Bike","/product/cube-touring-hybrid-pro-800-electric-hybrid-bike","Cube","/ebikes/electric-commuter-bikes","Electric Commuter Bikes","electric bike for commuters","Cube Touring Hybrid Pro 800 Electric Hybrid Bike | Buy",3999,5799,1,"electric bike for commuters; electric commuter bikes; commuter e-bike; trekking e bike; e bike women; womens electric bike; mens electric bike; step through electric bikes; lightweight electric bike; e bike mens"
"Cube Editor Hybrid Pro 400X Electric Hybrid Bike","/product/cube-editor-hybrid-pro-400x-electric-hybrid-bike","Cube","/ebikes/electric-commuter-bikes","Electric Commuter Bikes","electric bike for commuters","Cube Editor Hybrid Pro 400X Electric Hybrid Bike | Buy",3299,4499,1,"electric bike for commuters; electric commuter bikes; commuter e-bike; trekking e bike; e bike women; womens electric bike; mens electric bike; step through electric bikes; lightweight electric bike; e bike mens"
"Merida eSpresso CC 400 EQ Electric Hybrid Bike","/product/merida-espresso-cc-400-eq-electric-hybrid-bike","Merida","/ebikes/electric-commuter-bikes","Electric Commuter Bikes","electric bike for commuters","Merida eSpresso CC 400 EQ Electric Hybrid Bike | Buy Online",3299,5399,1,"electric bike for commuters; electric commuter bikes; commuter e-bike; trekking e bike; e bike women; womens electric bike; mens electric bike; step through electric bikes; lightweight electric bike; e bike mens"
"Pedal Breeze E4 Electric Cruiser Bike","/product/pedal-breeze-e4-electric-cruiser-bike","Pedal","/ebikes/electric-cruiser-bikes","Electric Cruiser Bikes","cruiser e bike","Pedal Breeze E4 Electric Cruiser Bike | Buy Online Australia",1499,2199,3,"cruiser e bike; cruiser electric bike; electric cruiser bike australia; cruiser e bikes australia"
"Pedal Uptown SL Electric Vintage Cruiser Bike","/product/pedal-uptown-sl-electric-vintage-cruiser-bike","Pedal","/ebikes/electric-cruiser-bikes","Electric Cruiser Bikes","cruiser e bike","Pedal Uptown SL Electric Vintage Cruiser Bike | Buy Online",999,1599,3,"cruiser e bike; cruiser electric bike; electric cruiser bike australia; cruiser e bikes australia"
"Pedal Seahawk SL Electric Cruiser Bike","/product/pedal-seahawk-sl-electric-cruiser-bike","Pedal","/ebikes/electric-cruiser-bikes","Electric Cruiser Bikes","cruiser e bike","Pedal Seahawk SL Electric Cruiser Bike | Buy Online",999,1599,1,"cruiser e bike; cruiser electric bike; electric cruiser bike australia; cruiser e bikes australia"
"DiroDi Rover Gen 6 250W Electric Fat Bike","/product/dirodi-rover-gen-6-250w-electric-fat-bike","Dirodi","/ebikes/fat-tyre-electric-bicycle","Fat Tyre Electric Bicycles","fat tyre electric bicycle","DiroDi Rover Gen 6 250W Electric Fat Bike | Buy Online",2479,3570,1,"fat tyre electric bicycle; fat bike for sale; electric fat tire bicycles; fat tyre ebike; fat tyre electric bike; electric fat bike; electric bicycle fat bike; fat electric bicycle; fat e bike; fat wheel electric bike"
"DiroDi Rover Plus Gen 6 250W Electric Fat Bike","/product/dirodi-rover-plus-gen-6-250w-electric-fat-bike","Dirodi","/ebikes/fat-tyre-electric-bicycle","Fat Tyre Electric Bicycles","fat tyre electric bicycle","DiroDi Rover Plus Gen 6 250W Electric Fat Bike | Buy Online",2749,3890,1,"fat tyre electric bicycle; fat bike for sale; electric fat tire bicycles; fat tyre ebike; fat tyre electric bike; electric fat bike; electric bicycle fat bike; fat electric bicycle; fat e bike; fat wheel electric bike"
"DiroDi Rover Pro ST 250W Electric Fat Bike","/product/dirodi-rover-pro-st-250w-electric-fat-bike","Dirodi","/ebikes/fat-tyre-electric-bicycle","Fat Tyre Electric Bicycles","fat tyre electric bicycle","DiroDi Rover Pro ST 250W Electric Fat Bike | Buy Online",3259,4490,2,"fat tyre electric bicycle; fat bike for sale; electric fat tire bicycles; fat tyre ebike; fat tyre electric bike; electric fat bike; electric bicycle fat bike; fat electric bicycle; fat e bike; fat wheel electric bike"
"Pedal Nomad Cargo Electric Cargo Bike","/product/pedal-nomad-cargo-electric-cargo-bike","Pedal","/ebikes/electric-cargo-bikes","Electric Cargo Bikes","electric cargo bike","Pedal Nomad Cargo Electric Cargo Bike | Buy Online Australia",3499,3999,1,"electric cargo bike; electric cargo bike for sale; cargo bike; electric cargo bicycle; cargo e bike; cargo e cycle; cargo bike australia; e cargo bike; electric cargo bike australia; cargo ebike australia"
"Pedal Packer Electric Cargo Bike","/product/pedal-packer-electric-cargo-bike","Pedal","/ebikes/electric-cargo-bikes","Electric Cargo Bikes","electric cargo bike","Pedal Packer Electric Cargo Bike | Buy Online Australia",2999,4299.99,0,"electric cargo bike; electric cargo bike for sale; cargo bike; electric cargo bicycle; cargo e bike; cargo e cycle; cargo bike australia; e cargo bike; electric cargo bike australia; cargo ebike australia"
"Cube Cargo Sport Dual Hybrid 1000 Electric Cargo Bike","/product/cube-cargo-sport-dual-hybrid-1000-electric-cargo-bike","Cube","/ebikes/electric-cargo-bikes","Electric Cargo Bikes","electric cargo bike","Cube Cargo Sport Dual Hybrid 1000 Electric Cargo Bike | Buy",6999,11999,1,"electric cargo bike; electric cargo bike for sale; cargo bike; electric cargo bicycle; cargo e bike; cargo e cycle; cargo bike australia; e cargo bike; electric cargo bike australia; cargo ebike australia"
"Cube Longtail Sport Hybrid 725 Electric Cargo Bike","/product/cube-longtail-sport-hybrid-725-electric-cargo-bike","Cube","/ebikes/electric-cargo-bikes","Electric Cargo Bikes","electric cargo bike","Cube Longtail Sport Hybrid 725 Electric Cargo Bike | Buy",4999,7999,0,"electric cargo bike; electric cargo bike for sale; cargo bike; electric cargo bicycle; cargo e bike; cargo e cycle; cargo bike australia; e cargo bike; electric cargo bike australia; cargo ebike australia"
"Met Crackerjack Kids Helmet Pink","/product/met-crackerjack-kids-helmet-pink","Met","/kids-bike-helmets","Kids Bike Helmets","helmet youth bike","Met Crackerjack Kids Helmet Pink | Buy Online Australia",85,99.95,2,"helmet youth bike; childs cycling helmet; childrens cycle helmet; childrens cycling helmets; full face childs helmet; full face childrens helmet; bike helmet junior; youth bicycle helmets"
"Met Hooray Kids Helmet Pink Hearts","/product/met-hooray-kids-helmet-pink-hearts","Met","/kids-bike-helmets","Kids Bike Helmets","helmet youth bike","Met Hooray Kids Helmet Pink Hearts | Buy Online Australia",75,84.95,1,"helmet youth bike; childs cycling helmet; childrens cycle helmet; childrens cycling helmets; full face childs helmet; full face childrens helmet; bike helmet junior; youth bicycle helmets"
"Met Echo Helmet Black Matte","/product/met-echo-helmet-black-matte","Met","/e-bike-helmets","E-Bike Helmets","e bike helmet","Met Echo Helmet Black Matte | Buy Online Australia",89,99.95,3,"e bike helmet; bike helmet sale; buy bike helmet; cycle helmet sale; bike riding helmets; helmet for a bike; helmets for cycle; electric bike helmet; bicycle helmets for sale; cheap bike helmets"
"Giro Agilis MIPS Road Helmet Matt White","/product/giro-agilis-mips-road-helmet-matt-white","Giro","/e-bike-helmets","E-Bike Helmets","e bike helmet","Giro Agilis MIPS Road Helmet Matt White | Buy Online",169,179.99,1,"e bike helmet; bike helmet sale; buy bike helmet; cycle helmet sale; bike riding helmets; helmet for a bike; helmets for cycle; electric bike helmet; bicycle helmets for sale; cheap bike helmets"
"Cinettica Velocita Road Helmet Black","/product/cinettica-velocita-road-helmet-black","Cinettica","/e-bike-helmets","E-Bike Helmets","e bike helmet","Cinettica Velocita Road Helmet Black | Buy Online Australia",48,54.99,1,"e bike helmet; bike helmet sale; buy bike helmet; cycle helmet sale; bike riding helmets; helmet for a bike; helmets for cycle; electric bike helmet; bicycle helmets for sale; cheap bike helmets"
"Fox Speedframe Solid MIPS MTB Helmet Matte Black","/product/fox-speedframe-solid-mips-mtb-helmet-matte-black","Fox","/e-bike-helmets","E-Bike Helmets","e bike helmet","Fox Speedframe Solid MIPS MTB Helmet Matte Black | Buy",179,199.99,1,"e bike helmet; bike helmet sale; buy bike helmet; cycle helmet sale; bike riding helmets; helmet for a bike; helmets for cycle; electric bike helmet; bicycle helmets for sale; cheap bike helmets"
"Fox Dirtpaw Full Finger Trail Gloves Black","/product/fox-dirtpaw-full-finger-trail-gloves-black","Fox","/e-bike-accessories","E-Bike Accessories","ebike accessories","Fox Dirtpaw Full Finger Trail Gloves Black | Buy Online",44,49.99,0,"ebike accessories; electric bicycle accessories; electric bicycle seats; electric bike accessories; e bike accessory"
"Giro Jag Non Gel Road Gloves Black","/product/giro-jag-non-gel-road-gloves-black","Giro","/e-bike-accessories","E-Bike Accessories","ebike accessories","Giro Jag Non Gel Road Gloves Black | Buy Online Australia",36,39.99,1,"ebike accessories; electric bicycle accessories; electric bicycle seats; electric bike accessories; e bike accessory"
"Giro Bravo II Gel Road Gloves Black","/product/giro-bravo-ii-gel-road-gloves-black","Giro","/e-bike-accessories","E-Bike Accessories","ebike accessories","Giro Bravo II Gel Road Gloves Black | Buy Online Australia",46,49.99,1,"ebike accessories; electric bicycle accessories; electric bicycle seats; electric bike accessories; e bike accessory"
"Black Mountain Shadow Trail MTB Gloves Black","/product/black-mountain-shadow-trail-mtb-gloves-black","Black Mountain","/e-bike-accessories","E-Bike Accessories","ebike accessories","Black Mountain Shadow Trail MTB Gloves Black | Buy Online",29,39.99,1,"ebike accessories; electric bicycle accessories; electric bicycle seats; electric bike accessories; e bike accessory"
"Black Mountain Shadow Trail Youth MTB Gloves Black","/product/black-mountain-shadow-trail-youth-mtb-gloves-black","Black Mountain","/e-bike-accessories","E-Bike Accessories","ebike accessories","Black Mountain Shadow Trail Youth MTB Gloves Black | Buy",24,29.99,1,"ebike accessories; electric bicycle accessories; electric bicycle seats; electric bike accessories; e bike accessory"
"Cinettica Thermal Gloves Black","/product/cinettica-thermal-gloves-black","Cinettica","/e-bike-accessories","E-Bike Accessories","ebike accessories","Cinettica Thermal Gloves Black | Buy Online Australia",19,39.95,1,"ebike accessories; electric bicycle accessories; electric bicycle seats; electric bike accessories; e bike accessory"
"Magnum X2P U-Lock + Cable","/product/magnum-x2p-u-lock-cable","Magnum","/e-bike-accessories","E-Bike Accessories","ebike accessories","Magnum X2P U-Lock + Cable | Buy Online Australia",39,59.95,0,"ebike accessories; electric bicycle accessories; electric bicycle seats; electric bike accessories; e bike accessory"
"ABUS BORDO 5700 uGrip Combination Lock 80cm","/product/abus-bordo-5700-ugrip-combination-lock-80cm","ABUS","/e-bike-accessories","E-Bike Accessories","ebike accessories","ABUS BORDO 5700 uGrip Combination Lock 80cm | Buy Online",139,164.99,0,"ebike accessories; electric bicycle accessories; electric bicycle seats; electric bike accessories; e bike accessory"
"Hiplok Switch Folding Lock Black","/product/hiplok-switch-folding-lock-black","Hiplok","/e-bike-accessories","E-Bike Accessories","ebike accessories","Hiplok Switch Folding Lock Black | Buy Online Australia",125,129.95,0,"ebike accessories; electric bicycle accessories; electric bicycle seats; electric bike accessories; e bike accessory"
"Hiplok SPIN Lock 75cm","/product/hiplok-spin-lock-75cm","Hiplok","/e-bike-accessories","E-Bike Accessories","ebike accessories","Hiplok SPIN Lock 75cm | Buy Online Australia",75,79.95,0,"ebike accessories; electric bicycle accessories; electric bicycle seats; electric bike accessories; e bike accessory"
"Hiplok DX1000 Key U-Lock Black","/product/hiplok-dx1000-key-u-lock-black","Hiplok","/e-bike-accessories","E-Bike Accessories","ebike accessories","Hiplok DX1000 Key U-Lock Black | Buy Online Australia",449,584.95,0,"ebike accessories; electric bicycle accessories; electric bicycle seats; electric bike accessories; e bike accessory"
"Ravemen FR 300 Lumens Front Light","/product/ravemen-fr-300-lumens-front-light","Ravemen","/e-bike-accessories","E-Bike Accessories","ebike accessories","Ravemen FR 300 Lumens Front Light | Buy Online Australia",70,94.95,0,"ebike accessories; electric bicycle accessories; electric bicycle seats; electric bike accessories; ebike lights; e bike accessory; electric bike light"
"Ravemen FR500 500 Lumens Front Light","/product/ravemen-fr500-500-lumens-front-light","Ravemen","/e-bike-accessories","E-Bike Accessories","ebike accessories","Ravemen FR500 500 Lumens Front Light | Buy Online Australia",125,129.95,0,"ebike accessories; electric bicycle accessories; electric bicycle seats; electric bike accessories; ebike lights; e bike accessory; electric bike light"
"Ravemen TR 150 Lumens Rear Light","/product/ravemen-tr-150-lumens-rear-light","Ravemen","/e-bike-accessories","E-Bike Accessories","ebike accessories","Ravemen TR 150 Lumens Rear Light | Buy Online Australia",39,59.95,0,"ebike accessories; electric bicycle accessories; electric bicycle seats; electric bike accessories; ebike lights; e bike accessory; electric bike light"
"Moon Lepus Lite and Orion 400/50 Lumens Light Set","/product/moon-lepus-lite-orion-light-set","Moon","/e-bike-accessories","E-Bike Accessories","ebike accessories","Moon Lepus Lite and Orion 400/50 Lumens Light Set | Buy",62,99.99,0,"ebike accessories; electric bicycle accessories; electric bicycle seats; electric bike accessories; ebike lights; e bike accessory; electric bike light"
"Azur Nano 60/30 Lumens USB Lightset","/product/azur-nano-60-30-usb-lightset","Azur","/e-bike-accessories","E-Bike Accessories","ebike accessories","Azur Nano 60/30 Lumens USB Lightset | Buy Online Australia",26,27.99,0,"ebike accessories; electric bicycle accessories; electric bicycle seats; electric bike accessories; ebike lights; e bike accessory; electric bike light"
"Garmin Varia RTL515 Radar with Tail-light","/product/garmin-varia-rtl515-radar-tail-light","Garmin","/e-bike-accessories","E-Bike Accessories","ebike accessories","Garmin Varia RTL515 Radar with Tail-light | Buy Online",289,369,0,"ebike accessories; electric bicycle accessories; electric bicycle seats; electric bike accessories; ebike lights; e bike accessory; electric bike light"
"Segway Ninebot KickScooter E2 Plus II Electric Scooter","/product/segway-ninebot-kickscooter-e2-plus-ii","Segway-Ninebot","/scooters","Electric Scooters","segway scooter","Segway Ninebot KickScooter E2 Plus II Electric Scooter | Buy",594,899,1,"segway scooter; scooter by segway; ninebot electric scooter; segway electric scooter; e scooter ninebot; segway ninebot scooter; segway ninebot e scooter; 9 bot e scooter; 9bot scooter; ninebot scooters"
"Segway Ninebot KickScooter E2 Pro Electric Scooter","/product/segway-ninebot-kickscooter-e2-pro","Segway-Ninebot","/scooters","Electric Scooters","segway scooter","Segway Ninebot KickScooter E2 Pro Electric Scooter | Buy",692,899,1,"segway scooter; scooter by segway; ninebot electric scooter; segway electric scooter; e scooter ninebot; segway ninebot scooter; segway ninebot e scooter; 9 bot e scooter; 9bot scooter; ninebot scooters"
"Segway Ninebot E3 Pro Electric Scooter","/product/segway-ninebot-e3-pro","Segway-Ninebot","/scooters","Electric Scooters","segway scooter","Segway Ninebot E3 Pro Electric Scooter | Buy Online",979,1199,1,"segway scooter; scooter by segway; ninebot electric scooter; segway electric scooter; e scooter ninebot; segway ninebot scooter; segway ninebot e scooter; 9 bot e scooter; 9bot scooter; ninebot scooters"
"Segway Ninebot C2 Pro Electric Scooter","/product/segway-ninebot-c2-pro","Segway-Ninebot","/scooters","Electric Scooters","segway scooter","Segway Ninebot C2 Pro Electric Scooter | Buy Online",484,599,1,"segway scooter; scooter by segway; ninebot electric scooter; segway electric scooter; e scooter ninebot; segway ninebot scooter; segway ninebot e scooter; 9 bot e scooter; 9bot scooter; ninebot scooters"
"Segway Ninebot C2 Lite eKickScooter","/product/segway-ninebot-c2-lite-ekickscooter","Segway-Ninebot","/scooters","Electric Scooters","segway scooter","Segway Ninebot C2 Lite eKickScooter | Buy Online Australia",279,399,1,"segway scooter; scooter by segway; ninebot electric scooter; segway electric scooter; e scooter ninebot; segway ninebot scooter; segway ninebot e scooter; 9 bot e scooter; 9bot scooter; ninebot scooters"
"Segway Ninebot KickScooter F3 Electric Scooter","/product/segway-ninebot-kickscooter-f3","Segway-Ninebot","/scooters","Electric Scooters","segway scooter","Segway Ninebot KickScooter F3 Electric Scooter | Buy Online",1129,1299,1,"segway scooter; scooter by segway; ninebot electric scooter; segway electric scooter; e scooter ninebot; segway ninebot scooter; segway ninebot e scooter; 9 bot e scooter; 9bot scooter; ninebot scooters"
"Segway Ninebot KickScooter F3 Pro Electric Scooter","/product/segway-ninebot-kickscooter-f3-pro","Segway-Ninebot","/scooters","Electric Scooters","segway scooter","Segway Ninebot KickScooter F3 Pro Electric Scooter | Buy",1394,1599,1,"segway scooter; scooter by segway; ninebot electric scooter; segway electric scooter; e scooter ninebot; segway ninebot scooter; segway ninebot e scooter; 9 bot e scooter; 9bot scooter; ninebot scooters"
"Segway Ninebot ZT3 Pro Electric Scooter","/product/segway-ninebot-zt3-pro","Segway-Ninebot","/scooters","Electric Scooters","segway scooter","Segway Ninebot ZT3 Pro Electric Scooter | Buy Online",1694,1799,0,"segway scooter; scooter by segway; ninebot electric scooter; segway electric scooter; e scooter ninebot; segway ninebot scooter; segway ninebot e scooter; 9 bot e scooter; 9bot scooter; ninebot scooters"
"Segway Ninebot KickScooter MAX G3 Electric Scooter","/product/segway-ninebot-kickscooter-max-g3","Segway-Ninebot","/scooters","Electric Scooters","segway scooter","Segway Ninebot KickScooter MAX G3 Electric Scooter | Buy",1694,1899,1,"segway scooter; scooter by segway; ninebot electric scooter; segway electric scooter; e scooter ninebot; segway ninebot scooter; segway ninebot e scooter; 9 bot e scooter; 9bot scooter; ninebot scooters"
"Cube Reaction Hybrid Performance 600 FE Easy Entry Electric Hardtail Mountain Bike","/product/cube-reaction-hybrid-performance-600-fe-easy-entry-electric-hardtail-mountain-bike","Cube","/ebikes/electric-mountain-bike/hardtail","Electric Hardtail Mountain Bikes","electric hardtail mountain bike","Cube Reaction Hybrid Performance 600 FE Easy | Buy Online",3987,4999,1,"electric hardtail mountain bike; hardtail mountain bikes; hardtail mtb for sale; hardtail mountain bikes for sale; hardtail e mountain bike; cheap hardtail mountain bikes"
"Pedal Uptown SL Electric Vintage Cruiser Bike 7-Speed","/product/pedal-uptown-sl-electric-vintage-cruiser-bike-7-speed","Pedal","/ebikes/electric-cruiser-bikes","Electric Cruiser Bikes","cruiser e bike","Pedal Uptown SL Electric Vintage Cruiser Bike 7-Speed | Buy",999,1599,3,"cruiser e bike; cruiser electric bike; electric cruiser bike australia; cruiser e bikes australia"
"Pedal Brewer Electric Cruiser Bike Reef Blue 468Wh","/product/pedal-brewer-electric-cruiser-bike-reef-blue-468wh","Pedal","/ebikes/fat-tyre-electric-bicycle","Fat Tyre Electric Bicycles","fat tyre electric bicycle","Pedal Brewer Electric Cruiser Bike Reef Blue 468Wh | Buy",1299,2399,1,"fat tyre electric bicycle; fat bike for sale; electric fat tire bicycles; fat tyre ebike; fat tyre electric bike; electric fat bike; electric bicycle fat bike; fat electric bicycle; fat e bike; fat wheel electric bike"
"Pedal Warrior 2 24'' Electric Mountain Bike","/product/pedal-warrior-2-24-electric-mountain-bike","Pedal","/ebikes/electric-mountain-bike/kids-mountain-bikes","Kids and Youths 24"" eMTB's","kids mountain bikes","Pedal Warrior 2 24'' Electric Mountain Bike | Buy Online",1199,1899,1,"kids mountain bikes; kids mountain bike; childrens mountain bikes; kids mtb; mountain bikes for kids; kids 20 inch mountain bike; kids electric mountain bike"
"Merida eSpresso CC 300 EQ SE Electric Hybrid Bike","/product/merida-espresso-cc-300-eq-se-electric-hybrid-bike","Merida","/ebikes/electric-commuter-bikes","Electric Commuter Bikes","electric bike for commuters","Merida eSpresso CC 300 EQ SE Electric Hybrid Bike | Buy",3439,4299,2,"electric bike for commuters; electric commuter bikes; commuter e-bike; trekking e bike; e bike women; womens electric bike; mens electric bike; step through electric bikes; lightweight electric bike; e bike mens"
"Merida eOne-Sixty 875 Electric Enduro Bike Guarded","/product/merida-eone-sixty-875-electric-enduro-bike-guarded","Merida","/ebikes/electric-mountain-bike/enduro","Enduro Dual Suspension eMTB's","downhill mountain bike","Merida eOne-Sixty 875 Electric Enduro Bike Guarded | Buy",7777,9499,1,"downhill mountain bike; downhill mtb for sale; downhill bikes for sale; mtb downhill mountain bike; affordable downhill mtb; mtb downhill bikes; downhill bike; dh bike mtb; dh mountain bike; bike for downhill"
"Cube Touring Hybrid Pro Easy Entry 800 Electric Hybrid Bike","/product/cube-touring-hybrid-pro-easy-entry-800-electric-hybrid-bike","Cube","/ebikes/electric-commuter-bikes","Electric Commuter Bikes","electric bike for commuters","Cube Touring Hybrid Pro Easy Entry 800 Hybrid | Buy Online",3999,5799,1,"electric bike for commuters; electric commuter bikes; commuter e-bike; trekking e bike; e bike women; womens electric bike; mens electric bike; step through electric bikes; lightweight electric bike; e bike mens"
"Cube Kathmandu Hybrid ONE Easy Entry 800 Electric Hybrid Bike","/product/cube-kathmandu-hybrid-one-easy-entry-800-electric-hybrid-bike","Cube","/ebikes/electric-commuter-bikes","Electric Commuter Bikes","electric bike for commuters","Cube Kathmandu Hybrid ONE Easy Entry 800 Hybrid | Buy Online",4499,5999,1,"electric bike for commuters; electric commuter bikes; commuter e-bike; trekking e bike; e bike women; womens electric bike; mens electric bike; step through electric bikes; lightweight electric bike; e bike mens"
"Cube Nuride Hybrid Pro Easy Entry 600 Electric Hybrid Bike","/product/cube-nuride-hybrid-pro-easy-entry-600-electric-hybrid-bike","Cube","/ebikes/electric-commuter-bikes","Electric Commuter Bikes","electric bike for commuters","Cube Nuride Hybrid Pro Easy Entry 600 Hybrid | Buy Online",4999,5799,1,"electric bike for commuters; electric commuter bikes; commuter e-bike; trekking e bike; e bike women; womens electric bike; mens electric bike; step through electric bikes; lightweight electric bike; e bike mens"
"Cube Touring Hybrid Pro 625 Easy Entry Electric Hybrid Bike","/product/cube-touring-hybrid-pro-625-easy-entry-electric-hybrid-bike","Cube","/ebikes/electric-commuter-bikes","Electric Commuter Bikes","electric bike for commuters","Cube Touring Hybrid Pro 625 Easy Entry Hybrid | Buy Online",3499,5199,1,"electric bike for commuters; electric commuter bikes; commuter e-bike; trekking e bike; e bike women; womens electric bike; mens electric bike; step through electric bikes; lightweight electric bike; e bike mens"
"Merida eFloat City 400 EQ Electric Hybrid Bike","/product/merida-efloat-city-400-eq-electric-hybrid-bike","Merida","/ebikes/electric-commuter-bikes","Electric Commuter Bikes","electric bike for commuters","Merida eFloat City 400 EQ Electric Hybrid Bike | Buy Online",3199,5299,2,"electric bike for commuters; electric commuter bikes; commuter e-bike; trekking e bike; e bike women; womens electric bike; mens electric bike; step through electric bikes; lightweight electric bike; e bike mens"
"Cube Supreme Hybrid ONE 500 Electric Hybrid Bike","/product/cube-supreme-hybrid-one-500-electric-hybrid-bike","Cube","/ebikes/electric-commuter-bikes","Electric Commuter Bikes","electric bike for commuters","Cube Supreme Hybrid ONE 500 Electric Hybrid Bike | Buy",3499,4499,1,"electric bike for commuters; electric commuter bikes; commuter e-bike; trekking e bike; e bike women; womens electric bike; mens electric bike; step through electric bikes; lightweight electric bike; e bike mens"
"Cube Touring Hybrid ONE 500 Electric Hybrid Bike","/product/cube-touring-hybrid-one-500-electric-hybrid-bike","Cube","/ebikes/electric-commuter-bikes","Electric Commuter Bikes","electric bike for commuters","Cube Touring Hybrid ONE 500 Electric Hybrid Bike | Buy",3399,4499,1,"electric bike for commuters; electric commuter bikes; commuter e-bike; trekking e bike; e bike women; womens electric bike; mens electric bike; step through electric bikes; lightweight electric bike; e bike mens"
"Merida eSpresso City 400 EQ Electric Hybrid Bike Silk Warm","/product/merida-espresso-city-400-eq-electric-hybrid-bike-silk-warm","Merida","/ebikes/electric-commuter-bikes","Electric Commuter Bikes","electric bike for commuters","Merida eSpresso City 400 EQ Hybrid Bike Silk Warm | Buy",3799,5499,2,"electric bike for commuters; electric commuter bikes; commuter e-bike; trekking e bike; e bike women; womens electric bike; mens electric bike; step through electric bikes; lightweight electric bike; e bike mens"
"DiroDi Rover Pro 250W Electric Fat Bike Caramel Latte","/product/dirodi-rover-pro-250w-electric-fat-bike-caramel-latte","Dirodi","/ebikes/fat-tyre-electric-bicycle","Fat Tyre Electric Bicycles","fat tyre electric bicycle","DiroDi Rover Pro 250W Electric Fat Bike Caramel Latte | Buy",3259,4490,1,"fat tyre electric bicycle; fat bike for sale; electric fat tire bicycles; fat tyre ebike; fat tyre electric bike; electric fat bike; electric bicycle fat bike; fat electric bicycle; fat e bike; fat wheel electric bike"
"Pedal Falcon 3C Electric Hybrid Bike","/product/pedal-falcon-3c-electric-hybrid-bike","Pedal","/ebikes/electric-commuter-bikes","Electric Commuter Bikes","electric bike for commuters","Pedal Falcon 3C Electric Hybrid Bike | Buy Online Australia",2499,3699,1,"electric bike for commuters; electric commuter bikes; commuter e-bike; trekking e bike; e bike women; womens electric bike; mens electric bike; step through electric bikes; lightweight electric bike; e bike mens"
"Merida eSpresso City 300 SE EQ Electric Hybrid Bike","/product/merida-espresso-city-300-se-eq-electric-hybrid-bike","Merida","/ebikes/electric-commuter-bikes","Electric Commuter Bikes","electric bike for commuters","Merida eSpresso City 300 SE EQ Electric Hybrid Bike | Buy",2399,3999,1,"electric bike for commuters; electric commuter bikes; commuter e-bike; trekking e bike; e bike women; womens electric bike; mens electric bike; step through electric bikes; lightweight electric bike; e bike mens"
"Cube Reaction Hybrid Pro 800 FE Easy Entry Electric Hardtail Mountain Bike Blackline","/product/cube-reaction-hybrid-pro-800-fe-easy-entry-electric-hardtail-mountain-bike-blackline","Cube","/ebikes/electric-mountain-bike/hardtail","Electric Hardtail Mountain Bikes","electric hardtail mountain bike","Cube Reaction Hybrid Pro 800 FE Easy Entry | Buy Online",4999,5999,1,"electric hardtail mountain bike; hardtail mountain bikes; hardtail mtb for sale; hardtail mountain bikes for sale; hardtail e mountain bike; cheap hardtail mountain bikes"
"Pedal Bandit Mini 14'' Electric Fat Tyre Bike","/product/pedal-bandit-mini-14-electric-fat-tyre-bike","Pedal","/ebikes/fat-tyre-electric-bicycle","Fat Tyre Electric Bicycles","fat tyre electric bicycle","Pedal Bandit Mini 14'' Electric Fat Tyre Bike | Buy Online",1199,1699,1,"fat tyre electric bicycle; fat bike for sale; electric fat tire bicycles; fat tyre ebike; fat tyre electric bike; electric fat bike; electric bicycle fat bike; fat electric bicycle; fat e bike; fat wheel electric bike"
"Merida eSpresso CC 500 EQ Electric Hybrid Bike","/product/merida-espresso-cc-500-eq-electric-hybrid-bike","Merida","/ebikes/electric-commuter-bikes","Electric Commuter Bikes","electric bike for commuters","Merida eSpresso CC 500 EQ Electric Hybrid Bike | Buy Online",4639,5799,2,"electric bike for commuters; electric commuter bikes; commuter e-bike; trekking e bike; e bike women; womens electric bike; mens electric bike; step through electric bikes; lightweight electric bike; e bike mens"
"Pedal Falcon 3C ST Electric Hybrid Bike","/product/pedal-falcon-3c-st-electric-hybrid-bike","Pedal","/ebikes/electric-commuter-bikes","Electric Commuter Bikes","electric bike for commuters","Pedal Falcon 3C ST Electric Hybrid Bike | Buy Online",2499,3699,1,"electric bike for commuters; electric commuter bikes; commuter e-bike; trekking e bike; e bike women; womens electric bike; mens electric bike; step through electric bikes; lightweight electric bike; e bike mens"
"Cube Stereo Hybrid ONE22 Pro 800 Electric Trail Bike Slab","/product/cube-stereo-hybrid-one22-pro-800-electric-trail-bike-slab","Cube","/ebikes/electric-mountain-bike/trial-suspension","Trial Suspension eMTB's","electric trail bicycle","Cube Stereo Hybrid ONE22 Pro 800 Trail Bike Slab | Buy",6499,6799,1,"electric trail bicycle; off road electric bike australia; off roading electric bike; electric trail bike australia; all mountain mtb bikes"
"Cube Kathmandu Hybrid ONE EE 800 Electric Hybrid Bike","/product/cube-kathmandu-hybrid-one-ee-800-electric-hybrid-bike","Cube","/ebikes/electric-commuter-bikes","Electric Commuter Bikes","electric bike for commuters","Cube Kathmandu Hybrid ONE EE 800 Electric Hybrid Bike | Buy",4799,5999,1,"electric bike for commuters; electric commuter bikes; commuter e-bike; trekking e bike; e bike women; womens electric bike; mens electric bike; step through electric bikes; lightweight electric bike; e bike mens"
"Merida eOne-Eighty 400 Electric Enduro Bike","/product/merida-eone-eighty-400-electric-enduro-bike","Merida","/ebikes/electric-mountain-bike/enduro","Enduro Dual Suspension eMTB's","downhill mountain bike","Merida eOne-Eighty 400 Electric Enduro Bike | Buy Online",6883,8099,1,"downhill mountain bike; downhill mtb for sale; downhill bikes for sale; mtb downhill mountain bike; affordable downhill mtb; mtb downhill bikes; downhill bike; dh bike mtb; dh mountain bike; bike for downhill"
"Fox Proframe MIPS Full Face Helmet","/product/fox-proframe-mips-full-face-helmet","FOX","/e-bike-helmets","E-Bike Helmets","e bike helmet","Fox Proframe MIPS Full Face Helmet | Buy Online Australia",425,450,1,"e bike helmet; bike helmet sale; buy bike helmet; cycle helmet sale; bike riding helmets; helmet for a bike; helmets for cycle; electric bike helmet; bicycle helmets for sale; cheap bike helmets"
"Raven BMX Helmet","/product/raven-bmx-helmet","Raven","/e-bike-helmets","E-Bike Helmets","e bike helmet","Raven BMX Helmet | Buy Online Australia",48,60,1,"e bike helmet; bike helmet sale; buy bike helmet; cycle helmet sale; bike riding helmets; helmet for a bike; helmets for cycle; electric bike helmet; bicycle helmets for sale; cheap bike helmets"
"Met Crackerjack Kids Helmet Pink UNI 52-57cm","/product/met-crackerjack-kids-helmet-pink-uni-52-57cm","Met","/kids-bike-helmets","Kids Bike Helmets","helmet youth bike","Met Crackerjack Kids Helmet Pink UNI 52-57cm | Buy Online",85,100,3,"helmet youth bike; childs cycling helmet; childrens cycle helmet; childrens cycling helmets; full face childs helmet; full face childrens helmet; bike helmet junior; youth bicycle helmets"
"MET Rivale II MIPS Helmet","/product/met-rivale-ii-mips-helmet","Met","/e-bike-helmets","E-Bike Helmets","e bike helmet","MET Rivale II MIPS Helmet | Buy Online Australia",199,270,1,"e bike helmet; bike helmet sale; buy bike helmet; cycle helmet sale; bike riding helmets; helmet for a bike; helmets for cycle; electric bike helmet; bicycle helmets for sale; cheap bike helmets"
"Met Hooray Kids Helmet Flowers","/product/met-hooray-kids-helmet-flowers","Met","/kids-bike-helmets","Kids Bike Helmets","helmet youth bike","Met Hooray Kids Helmet Flowers | Buy Online Australia",75,85,1,"helmet youth bike; childs cycling helmet; childrens cycle helmet; childrens cycling helmets; full face childs helmet; full face childrens helmet; bike helmet junior; youth bicycle helmets"
"Met Crackerjack Kids Helmet Cyan UNI 52-57cm","/product/met-crackerjack-kids-helmet-cyan-uni-52-57cm","Met","/kids-bike-helmets","Kids Bike Helmets","helmet youth bike","Met Crackerjack Kids Helmet Cyan UNI 52-57cm | Buy Online",85,100,1,"helmet youth bike; childs cycling helmet; childrens cycle helmet; childrens cycling helmets; full face childs helmet; full face childrens helmet; bike helmet junior; youth bicycle helmets"
"MET Trenta MIPS Helmet","/product/met-trenta-mips-helmet","Met","/e-bike-helmets","E-Bike Helmets","e bike helmet","MET Trenta MIPS Helmet | Buy Online Australia",329,400,1,"e bike helmet; bike helmet sale; buy bike helmet; cycle helmet sale; bike riding helmets; helmet for a bike; helmets for cycle; electric bike helmet; bicycle helmets for sale; cheap bike helmets"
"Raven Corvus MTB Helmet with Magnetic Clip","/product/raven-corvus-mtb-helmet-with-magnetic-clip","Raven","/e-bike-helmets","E-Bike Helmets","e bike helmet","Raven Corvus MTB Helmet with Magnetic Clip | Buy Online",64,69,2,"e bike helmet; bike helmet sale; buy bike helmet; cycle helmet sale; bike riding helmets; helmet for a bike; helmets for cycle; electric bike helmet; bicycle helmets for sale; cheap bike helmets"
"Lazer Finch Kineticore MTB Helmet Ocean","/product/lazer-finch-kineticore-mtb-helmet-ocean","Lazer","/e-bike-helmets","E-Bike Helmets","e bike helmet","Lazer Finch Kineticore MTB Helmet Ocean | Buy Online",94,100,1,"e bike helmet; bike helmet sale; buy bike helmet; cycle helmet sale; bike riding helmets; helmet for a bike; helmets for cycle; electric bike helmet; bicycle helmets for sale; cheap bike helmets"
"Bluegrass Superbold BMX Helmet","/product/bluegrass-superbold-bmx-helmet","Bluegrass","/e-bike-helmets","E-Bike Helmets","e bike helmet","Bluegrass Superbold BMX Helmet | Buy Online Australia",79,90,2,"e bike helmet; bike helmet sale; buy bike helmet; cycle helmet sale; bike riding helmets; helmet for a bike; helmets for cycle; electric bike helmet; bicycle helmets for sale; cheap bike helmets"
"Met Crackerjack MIPS Kids Helmet Pink UNI 52-57cm","/product/met-crackerjack-mips-kids-helmet-pink-uni-52-57cm","Met","/kids-bike-helmets","Kids Bike Helmets","helmet youth bike","Met Crackerjack MIPS Kids Helmet Pink UNI 52-57cm | Buy",119,135,1,"helmet youth bike; childs cycling helmet; childrens cycle helmet; childrens cycling helmets; full face childs helmet; full face childrens helmet; bike helmet junior; youth bicycle helmets"
"Met Crackerjack Kids Helmet Petrol UNI 52-57cm","/product/met-crackerjack-kids-helmet-petrol-uni-52-57cm","Met","/kids-bike-helmets","Kids Bike Helmets","helmet youth bike","Met Crackerjack Kids Helmet Petrol UNI 52-57cm | Buy Online",85,100,1,"helmet youth bike; childs cycling helmet; childrens cycle helmet; childrens cycling helmets; full face childs helmet; full face childrens helmet; bike helmet junior; youth bicycle helmets"
"Cinettica Roar Dinosaur Kids Helmet","/product/cinettica-roar-dinosaur-kids-helmet","Cinettica","/kids-bike-helmets","Kids Bike Helmets","helmet youth bike","Cinettica Roar Dinosaur Kids Helmet | Buy Online Australia",49,60,1,"helmet youth bike; childs cycling helmet; childrens cycle helmet; childrens cycling helmets; full face childs helmet; full face childrens helmet; bike helmet junior; youth bicycle helmets"
"Lazer Lupo Kineticore MTB Helmet Matte Black UNI 55-61cm","/product/lazer-lupo-kineticore-mtb-helmet-matte-black-uni-55-61cm","Lazer","/e-bike-helmets","E-Bike Helmets","e bike helmet","Lazer Lupo Kineticore MTB Helmet Matte Black | Buy Online",94,100,2,"e bike helmet; bike helmet sale; buy bike helmet; cycle helmet sale; bike riding helmets; helmet for a bike; helmets for cycle; electric bike helmet; bicycle helmets for sale; cheap bike helmets"
"MET Hooray MIPS Kids Helmet Dusted Green with","/product/met-hooray-mips-kids-helmet-dusted-green-with","Met","/kids-bike-helmets","Kids Bike Helmets","helmet youth bike","MET Hooray MIPS Kids Helmet Dusted Green with | Buy Online",119,135,1,"helmet youth bike; childs cycling helmet; childrens cycle helmet; childrens cycling helmets; full face childs helmet; full face childrens helmet; bike helmet junior; youth bicycle helmets"
"Fox Speedframe Charge Youth MTB Helmet UNI 51-55cm","/product/fox-speedframe-charge-youth-mtb-helmet-uni-51-55cm","FOX","/kids-bike-helmets","Kids Bike Helmets","helmet youth bike","Fox Speedframe Charge Youth MTB Helmet UNI 51-55cm | Buy",184,200,1,"helmet youth bike; childs cycling helmet; childrens cycle helmet; childrens cycling helmets; full face childs helmet; full face childrens helmet; bike helmet junior; youth bicycle helmets"
"Met Hooray MIPS Kids Helmet Space Glow in the","/product/met-hooray-mips-kids-helmet-space-glow-in-the","Met","/kids-bike-helmets","Kids Bike Helmets","helmet youth bike","Met Hooray MIPS Kids Helmet Space Glow in the | Buy Online",119,135,1,"helmet youth bike; childs cycling helmet; childrens cycle helmet; childrens cycling helmets; full face childs helmet; full face childrens helmet; bike helmet junior; youth bicycle helmets"
"Giro Fixture II MIPS Kids Helmet Matte Black UNI 50-57cm","/product/giro-fixture-ii-mips-kids-helmet-matte-black-uni-50-57cm","Giro","/kids-bike-helmets","Kids Bike Helmets","helmet youth bike","Giro Fixture II MIPS Kids Helmet Matte Black | Buy Online",124,130,2,"helmet youth bike; childs cycling helmet; childrens cycle helmet; childrens cycling helmets; full face childs helmet; full face childrens helmet; bike helmet junior; youth bicycle helmets"
"Lazer Finch Kineticore MTB Helmet Bright","/product/lazer-finch-kineticore-mtb-helmet-bright","Lazer","/e-bike-helmets","E-Bike Helmets","e bike helmet","Lazer Finch Kineticore MTB Helmet Bright | Buy Online",94,100,1,"e bike helmet; bike helmet sale; buy bike helmet; cycle helmet sale; bike riding helmets; helmet for a bike; helmets for cycle; electric bike helmet; bicycle helmets for sale; cheap bike helmets"
"Lazer Finch Kineticore MTB Helmet","/product/lazer-finch-kineticore-mtb-helmet","Lazer","/e-bike-helmets","E-Bike Helmets","e bike helmet","Lazer Finch Kineticore MTB Helmet | Buy Online Australia",94,100,2,"e bike helmet; bike helmet sale; buy bike helmet; cycle helmet sale; bike riding helmets; helmet for a bike; helmets for cycle; electric bike helmet; bicycle helmets for sale; cheap bike helmets"
"MET Hooray MIPS Pink Hearts","/product/met-hooray-mips-pink-hearts","Met","/e-bike-helmets","E-Bike Helmets","e bike helmet","MET Hooray MIPS Pink Hearts | Buy Online Australia",119,135,1,"e bike helmet; bike helmet sale; buy bike helmet; cycle helmet sale; bike riding helmets; helmet for a bike; helmets for cycle; electric bike helmet; bicycle helmets for sale; cheap bike helmets"
"Cinettica Roar Cat Kids Helmet","/product/cinettica-roar-cat-kids-helmet","Cinettica","/kids-bike-helmets","Kids Bike Helmets","helmet youth bike","Cinettica Roar Cat Kids Helmet | Buy Online Australia",49,60,1,"helmet youth bike; childs cycling helmet; childrens cycle helmet; childrens cycling helmets; full face childs helmet; full face childrens helmet; bike helmet junior; youth bicycle helmets"
"Giro Fixture II Youth MIPS MTB Helmet UNI 50-57cm Green Rush","/product/giro-fixture-ii-youth-mips-mtb-helmet-uni-50-57cm-green-rush","Giro","/kids-bike-helmets","Kids Bike Helmets","helmet youth bike","Giro Fixture II Youth MIPS MTB Helmet UNI | Buy Online",124,130,1,"helmet youth bike; childs cycling helmet; childrens cycle helmet; childrens cycling helmets; full face childs helmet; full face childrens helmet; bike helmet junior; youth bicycle helmets"
"Giro Tremor Kids Helmet UNI 47-54cm Blue Trench","/product/giro-tremor-kids-helmet-uni-47-54cm-blue-trench","Giro","/kids-bike-helmets","Kids Bike Helmets","helmet youth bike","Giro Tremor Kids Helmet UNI 47-54cm Blue Trench | Buy Online",94,100,2,"helmet youth bike; childs cycling helmet; childrens cycle helmet; childrens cycling helmets; full face childs helmet; full face childrens helmet; bike helmet junior; youth bicycle helmets"
"Hornit AIRO Kids Helmet","/product/hornit-airo-kids-helmet","Hornit","/kids-bike-helmets","Kids Bike Helmets","helmet youth bike","Hornit AIRO Kids Helmet | Buy Online Australia",39,59,1,"helmet youth bike; childs cycling helmet; childrens cycle helmet; childrens cycling helmets; full face childs helmet; full face childrens helmet; bike helmet junior; youth bicycle helmets"
"Lazer Finch Kineticore MTB Helmet Sedona","/product/lazer-finch-kineticore-mtb-helmet-sedona","Lazer","/e-bike-helmets","E-Bike Helmets","e bike helmet","Lazer Finch Kineticore MTB Helmet Sedona | Buy Online",94,100,1,"e bike helmet; bike helmet sale; buy bike helmet; cycle helmet sale; bike riding helmets; helmet for a bike; helmets for cycle; electric bike helmet; bicycle helmets for sale; cheap bike helmets"
"MET Trenta 3K Carbon MIPS Road Helmet UAE Team Emirates XRG Edition","/product/met-trenta-3k-carbon-mips-road-helmet-uae-team-emirates-xrg-edition","Met","/e-bike-helmets","E-Bike Helmets","e bike helmet","MET Trenta 3K Carbon MIPS Road Helmet UAE | Buy Online",589,600,1,"e bike helmet; bike helmet sale; buy bike helmet; cycle helmet sale; bike riding helmets; helmet for a bike; helmets for cycle; electric bike helmet; bicycle helmets for sale; cheap bike helmets"
"Lazer Compact Helmet Racing Green UNI 54-61cm","/product/lazer-compact-helmet-racing-green-uni-54-61cm","Lazer","/e-bike-helmets","E-Bike Helmets","e bike helmet","Lazer Compact Helmet Racing Green UNI 54-61cm | Buy Online",59,70,1,"e bike helmet; bike helmet sale; buy bike helmet; cycle helmet sale; bike riding helmets; helmet for a bike; helmets for cycle; electric bike helmet; bicycle helmets for sale; cheap bike helmets"
"Giro Scamp II MIPS Kids Helmet Matte Purple Lava","/product/giro-scamp-ii-mips-kids-helmet-matte-purple-lava","Giro","/kids-bike-helmets","Kids Bike Helmets","helmet youth bike","Giro Scamp II MIPS Kids Helmet Matte Purple Lava | Buy",109,120,3,"helmet youth bike; childs cycling helmet; childrens cycle helmet; childrens cycling helmets; full face childs helmet; full face childrens helmet; bike helmet junior; youth bicycle helmets"
"Bluegrass Superbold BMX Helmet Solar","/product/bluegrass-superbold-bmx-helmet-solar","Bluegrass","/e-bike-helmets","E-Bike Helmets","e bike helmet","Bluegrass Superbold BMX Helmet Solar | Buy Online Australia",79,90,1,"e bike helmet; bike helmet sale; buy bike helmet; cycle helmet sale; bike riding helmets; helmet for a bike; helmets for cycle; electric bike helmet; bicycle helmets for sale; cheap bike helmets"
"Fox Rampage Comp MIPS Fullface Helmet","/product/fox-rampage-comp-mips-fullface-helmet","FOX","/e-bike-helmets","E-Bike Helmets","e bike helmet","Fox Rampage Comp MIPS Fullface Helmet | Buy Online Australia",469,500,1,"e bike helmet; bike helmet sale; buy bike helmet; cycle helmet sale; bike riding helmets; helmet for a bike; helmets for cycle; electric bike helmet; bicycle helmets for sale; cheap bike helmets"
"Lazer Lupo Kineticore MTB Helmet Dusk Blue UNI 55-61cm","/product/lazer-lupo-kineticore-mtb-helmet-dusk-blue-uni-55-61cm","Lazer","/e-bike-helmets","E-Bike Helmets","e bike helmet","Lazer Lupo Kineticore MTB Helmet Dusk Blue UNI 55-61cm | Buy",94,100,1,"e bike helmet; bike helmet sale; buy bike helmet; cycle helmet sale; bike riding helmets; helmet for a bike; helmets for cycle; electric bike helmet; bicycle helmets for sale; cheap bike helmets"
"Lazer Finch Kineticore MTB Helmet Matte Black UNI 50-56cm","/product/lazer-finch-kineticore-mtb-helmet-matte-black-uni-50-56cm","Lazer","/e-bike-helmets","E-Bike Helmets","e bike helmet","Lazer Finch Kineticore MTB Helmet Matte Black | Buy Online",94,100,1,"e bike helmet; bike helmet sale; buy bike helmet; cycle helmet sale; bike riding helmets; helmet for a bike; helmets for cycle; electric bike helmet; bicycle helmets for sale; cheap bike helmets"
"Lazer Lupo Kineticore MTB Helmet Matte Flash Orange UNI 55-61cm","/product/lazer-lupo-kineticore-mtb-helmet-matte-flash-orange-uni-55-61cm","Lazer","/e-bike-helmets","E-Bike Helmets","e bike helmet","Lazer Lupo Kineticore MTB Helmet Matte Flash | Buy Online",94,100,1,"e bike helmet; bike helmet sale; buy bike helmet; cycle helmet sale; bike riding helmets; helmet for a bike; helmets for cycle; electric bike helmet; bicycle helmets for sale; cheap bike helmets"
"Fox Speedframe Pro MIPS MTB Helmet Black/Green 50 Years Edition","/product/fox-speedframe-pro-mips-mtb-helmet-black-green-50-years-edition","FOX","/e-bike-helmets","E-Bike Helmets","e bike helmet","Fox Speedframe Pro MIPS MTB Helmet | Buy Online",199,300,1,"e bike helmet; bike helmet sale; buy bike helmet; cycle helmet sale; bike riding helmets; helmet for a bike; helmets for cycle; electric bike helmet; bicycle helmets for sale; cheap bike helmets"
"MET Trenta 3K Carbon MIPS Road Helmet Glossy","/product/met-trenta-3k-carbon-mips-road-helmet-glossy","Met","/e-bike-helmets","E-Bike Helmets","e bike helmet","MET Trenta 3K Carbon MIPS Road Helmet Glossy | Buy Online",569,580,1,"e bike helmet; bike helmet sale; buy bike helmet; cycle helmet sale; bike riding helmets; helmet for a bike; helmets for cycle; electric bike helmet; bicycle helmets for sale; cheap bike helmets"
"MET Trenta 3K Carbon MIPS Road Helmet Rainbow Ltd Edition","/product/met-trenta-3k-carbon-mips-road-helmet-rainbow-ltd-edition","Met","/e-bike-helmets","E-Bike Helmets","e bike helmet","MET Trenta 3K Carbon MIPS Road Helmet Rainbow | Buy Online",569,620,1,"e bike helmet; bike helmet sale; buy bike helmet; cycle helmet sale; bike riding helmets; helmet for a bike; helmets for cycle; electric bike helmet; bicycle helmets for sale; cheap bike helmets"
"MET Trenta 3K Carbon MIPS Road Helmet UAE Team ADQ Edition","/product/met-trenta-3k-carbon-mips-road-helmet-uae-team-adq-edition","Met","/e-bike-helmets","E-Bike Helmets","e bike helmet","MET Trenta 3K Carbon MIPS Road Helmet UAE | Buy Online",589,600,1,"e bike helmet; bike helmet sale; buy bike helmet; cycle helmet sale; bike riding helmets; helmet for a bike; helmets for cycle; electric bike helmet; bicycle helmets for sale; cheap bike helmets"
"Met Codatronca Triathlon Helmet Glossy","/product/met-codatronca-triathlon-helmet-glossy","Met","/e-bike-helmets","E-Bike Helmets","e bike helmet","Met Codatronca Triathlon Helmet Glossy | Buy Online",529,,2,"e bike helmet; bike helmet sale; buy bike helmet; cycle helmet sale; bike riding helmets; helmet for a bike; helmets for cycle; electric bike helmet; bicycle helmets for sale; cheap bike helmets"
"Fox Speedframe Pro MIPS MTB Helmet Camo (Small)","/product/fox-speedframe-pro-mips-mtb-helmet-camo-small","FOX","/e-bike-helmets","E-Bike Helmets","e bike helmet","Fox Speedframe Pro MIPS MTB Helmet Camo (Small) | Buy Online",199,270,1,"e bike helmet; bike helmet sale; buy bike helmet; cycle helmet sale; bike riding helmets; helmet for a bike; helmets for cycle; electric bike helmet; bicycle helmets for sale; cheap bike helmets"
"Giro Fixture II Youth MIPS MTB Helmet Aqua Green/Blue Jewel Fade","/product/giro-fixture-ii-youth-mips-mtb-helmet-aqua-green-blue-jewel-fade","Giro","/kids-bike-helmets","Kids Bike Helmets","helmet youth bike","Giro Fixture II Youth MIPS MTB Helmet Aqua | Buy Online",124,130,2,"helmet youth bike; childs cycling helmet; childrens cycle helmet; childrens cycling helmets; full face childs helmet; full face childrens helmet; bike helmet junior; youth bicycle helmets"
"Lazer Compact Kineticore Helmet Titanium UNI 54-61cm","/product/lazer-compact-kineticore-helmet-titanium-uni-54-61cm","Lazer","/e-bike-helmets","E-Bike Helmets","e bike helmet","Lazer Compact Kineticore Helmet Titanium UNI 54-61cm | Buy",59,70,3,"e bike helmet; bike helmet sale; buy bike helmet; cycle helmet sale; bike riding helmets; helmet for a bike; helmets for cycle; electric bike helmet; bicycle helmets for sale; cheap bike helmets"
"Met Crackerjack MIPS Kids Helmet Cyan UNI 52-57cm","/product/met-crackerjack-mips-kids-helmet-cyan-uni-52-57cm","Met","/kids-bike-helmets","Kids Bike Helmets","helmet youth bike","Met Crackerjack MIPS Kids Helmet Cyan UNI 52-57cm | Buy",119,135,1,"helmet youth bike; childs cycling helmet; childrens cycle helmet; childrens cycling helmets; full face childs helmet; full face childrens helmet; bike helmet junior; youth bicycle helmets"
"Met Trenta Pace II MIPS Road Helmet","/product/met-trenta-pace-ii-mips-road-helmet","Met","/e-bike-helmets","E-Bike Helmets","e bike helmet","Met Trenta Pace II MIPS Road Helmet | Buy Online Australia",449,500,1,"e bike helmet; bike helmet sale; buy bike helmet; cycle helmet sale; bike riding helmets; helmet for a bike; helmets for cycle; electric bike helmet; bicycle helmets for sale; cheap bike helmets"
"Met Trenta Pace II MIPS Road Helmet Matte Orchid","/product/met-trenta-pace-ii-mips-road-helmet-matte-orchid","Met","/e-bike-helmets","E-Bike Helmets","e bike helmet","Met Trenta Pace II MIPS Road Helmet Matte Orchid | Buy",449,500,1,"e bike helmet; bike helmet sale; buy bike helmet; cycle helmet sale; bike riding helmets; helmet for a bike; helmets for cycle; electric bike helmet; bicycle helmets for sale; cheap bike helmets"
"Met Trenta Pace II MIPS Road Helmet Matte Antler","/product/met-trenta-pace-ii-mips-road-helmet-matte-antler","Met","/e-bike-helmets","E-Bike Helmets","e bike helmet","Met Trenta Pace II MIPS Road Helmet Matte Antler | Buy",449,500,1,"e bike helmet; bike helmet sale; buy bike helmet; cycle helmet sale; bike riding helmets; helmet for a bike; helmets for cycle; electric bike helmet; bicycle helmets for sale; cheap bike helmets"
"Cinettica Coda Gel II Road Gloves","/product/cinettica-coda-gel-ii-road-gloves","Cinettica","/e-bike-accessories","E-Bike Accessories","ebike accessories","Cinettica Coda Gel II Road Gloves | Buy Online Australia",33,38,3,"ebike accessories; electric bicycle accessories; electric bicycle seats; electric bike accessories; e bike accessory"
"Castelli Espresso Road Gloves","/product/castelli-espresso-road-gloves","Castelli","/e-bike-accessories","E-Bike Accessories","ebike accessories","Castelli Espresso Road Gloves | Buy Online Australia",54,74,1,"ebike accessories; electric bicycle accessories; electric bicycle seats; electric bike accessories; e bike accessory"
"Cinnetica Thermal Gloves","/product/cinnetica-thermal-gloves","Cinettica","/e-bike-accessories","E-Bike Accessories","ebike accessories","Cinnetica Thermal Gloves | Buy Online Australia",19,40,1,"ebike accessories; electric bicycle accessories; electric bicycle seats; electric bike accessories; e bike accessory"
"Fist CH28 MTB Gloves R-WILLY Ace","/product/fist-ch28-mtb-gloves-r-willy-ace","Fist","/e-bike-accessories","E-Bike Accessories","ebike accessories","Fist CH28 MTB Gloves R-WILLY Ace | Buy Online Australia",39,50,1,"ebike accessories; electric bicycle accessories; electric bicycle seats; electric bike accessories; e bike accessory"
"Fist CH24 Stocker MTB Gloves","/product/fist-ch24-stocker-mtb-gloves","Fist","/e-bike-accessories","E-Bike Accessories","ebike accessories","Fist CH24 Stocker MTB Gloves | Buy Online Australia",43,50,3,"ebike accessories; electric bicycle accessories; electric bicycle seats; electric bike accessories; e bike accessory"
"Fist Stocker Youth Gloves","/product/fist-stocker-youth-gloves","Fist","/e-bike-accessories","E-Bike Accessories","ebike accessories","Fist Stocker Youth Gloves | Buy Online Australia",31,45,1,"ebike accessories; electric bicycle accessories; electric bicycle seats; electric bike accessories; e bike accessory"
"Castelli Espresso Womens Road Gloves Pool","/product/castelli-espresso-womens-road-gloves-pool","Castelli","/e-bike-accessories","E-Bike Accessories","ebike accessories","Castelli Espresso Womens Road Gloves Pool | Buy Online",46,74,1,"ebike accessories; electric bicycle accessories; electric bicycle seats; electric bike accessories; e bike accessory"
"Fist Stocker Glove","/product/fist-stocker-glove","Fist","/e-bike-accessories","E-Bike Accessories","ebike accessories","Fist Stocker Glove | Buy Online Australia",31,45,1,"ebike accessories; electric bicycle accessories; electric bicycle seats; electric bike accessories; e bike accessory"
"BBB RaceShield Full Finger Winter Gloves","/product/bbb-raceshield-full-finger-winter-gloves","BBB","/e-bike-accessories","E-Bike Accessories","ebike accessories","BBB RaceShield Full Finger Winter Gloves | Buy Online",25,40,1,"ebike accessories; electric bicycle accessories; electric bicycle seats; electric bike accessories; e bike accessory"
"Cinettica Ollo Fleece Gloves","/product/cinettica-ollo-fleece-gloves","Cinettica","/e-bike-accessories","E-Bike Accessories","ebike accessories","Cinettica Ollo Fleece Gloves | Buy Online Australia",36,45,1,"ebike accessories; electric bicycle accessories; electric bicycle seats; electric bike accessories; e bike accessory"
"Fist CH27 Strapped Gloves Fruit Punch","/product/fist-ch27-strapped-gloves-fruit-punch","Fist","/e-bike-accessories","E-Bike Accessories","ebike accessories","Fist CH27 Strapped Gloves Fruit Punch | Buy Online Australia",34,50,2,"ebike accessories; electric bicycle accessories; electric bicycle seats; electric bike accessories; e bike accessory"
"Castelli Espresso Road Gloves Vivid","/product/castelli-espresso-road-gloves-vivid","Castelli","/e-bike-accessories","E-Bike Accessories","ebike accessories","Castelli Espresso Road Gloves Vivid | Buy Online Australia",52,74,1,"ebike accessories; electric bicycle accessories; electric bicycle seats; electric bike accessories; e bike accessory"
"BBB ControlZone Touch-Screen Winter Gloves","/product/bbb-controlzone-touch-screen-winter-gloves","BBB","/e-bike-accessories","E-Bike Accessories","ebike accessories","BBB ControlZone Touch-Screen Winter Gloves | Buy Online",32,50,1,"ebike accessories; electric bicycle accessories; electric bicycle seats; electric bike accessories; e bike accessory"
"Fist CH28 MTB Gloves 100% Nuts","/product/fist-ch28-mtb-gloves-100-nuts","Fist","/e-bike-accessories","E-Bike Accessories","ebike accessories","Fist CH28 MTB Gloves 100% Nuts | Buy Online Australia",34,50,1,"ebike accessories; electric bicycle accessories; electric bicycle seats; electric bike accessories; e bike accessory"
"Fist CH28 MTB Gloves Poison","/product/fist-ch28-mtb-gloves-poison","Fist","/e-bike-accessories","E-Bike Accessories","ebike accessories","Fist CH28 MTB Gloves Poison | Buy Online Australia",43,50,1,"ebike accessories; electric bicycle accessories; electric bicycle seats; electric bike accessories; e bike accessory"
"Fist CH28 MTB Gloves Corey Creed 'To The Moon'","/product/fist-ch28-mtb-gloves-corey-creed-to-the-moon","Fist","/e-bike-accessories","E-Bike Accessories","ebike accessories","Fist CH28 MTB Gloves Corey Creed 'To The Moon' | Buy Online",34,50,1,"ebike accessories; electric bicycle accessories; electric bicycle seats; electric bike accessories; e bike accessory"
"Fox Defend Full Finger Gloves","/product/fox-defend-full-finger-gloves","FOX","/e-bike-accessories","E-Bike Accessories","ebike accessories","Fox Defend Full Finger Gloves | Buy Online Australia",69,80,1,"ebike accessories; electric bicycle accessories; electric bicycle seats; electric bike accessories; e bike accessory"
"FOX Ranger Water Full Finger Gloves","/product/fox-ranger-water-full-finger-gloves","FOX","/e-bike-accessories","E-Bike Accessories","ebike accessories","FOX Ranger Water Full Finger Gloves | Buy Online Australia",64,70,1,"ebike accessories; electric bicycle accessories; electric bicycle seats; electric bike accessories; e bike accessory"
"Fist Caroline Buchanan Mini Sprinkles Full Finger Youth MTB Gloves","/product/fist-caroline-buchanan-mini-sprinkles-full-finger-youth-mtb-gloves","Fist","/e-bike-accessories","E-Bike Accessories","ebike accessories","Fist Caroline Buchanan Mini Sprinkles Full | Buy Online",43,45,1,"ebike accessories; electric bicycle accessories; electric bicycle seats; electric bike accessories; e bike accessory"
"Castelli Lightness 3 Full Finger Road Gloves","/product/castelli-lightness-3-full-finger-road-gloves","Castelli","/e-bike-accessories","E-Bike Accessories","ebike accessories","Castelli Lightness 3 Full Finger Road Gloves | Buy Online",79,90,1,"ebike accessories; electric bicycle accessories; electric bicycle seats; electric bike accessories; ebike lights; e bike accessory; electric bike light"
"Klip Nova Flex Smart Tags 4-Pack","/product/klip-nova-flex-smart-tags-4-pack","Klip","/e-bike-accessories","E-Bike Accessories","ebike accessories","Klip Nova Flex Smart Tags 4-Pack | Buy Online Australia",125,130,1,"ebike accessories; electric bicycle accessories; electric bicycle seats; electric bike accessories; e bike accessory"
"Klip Nova Flex Smart Tag","/product/klip-nova-flex-smart-tag","Klip","/e-bike-accessories","E-Bike Accessories","ebike accessories","Klip Nova Flex Smart Tag | Buy Online Australia",35,40,1,"ebike accessories; electric bicycle accessories; electric bicycle seats; electric bike accessories; e bike accessory"
"Azur Leo 50 Lumen Rear","/product/azur-leo-50-lumen-rear","Azur","/e-bike-accessories","E-Bike Accessories","ebike accessories","Azur Leo 50 Lumen Rear | Buy Online Australia",44,50,1,"ebike accessories; electric bicycle accessories; electric bicycle seats; electric bike accessories; ebike lights; e bike accessory; electric bike light"
